"Barking and Dagenham","1011","NewServ","635"
"Barking and Dagenham","1011","OtherSeq","330"
"Barking and Dagenham","1011","NoNew","165"
"Barking and Dagenham","1011","Declined","25"
"Barnet","1011","NewServ","1810"
"Barnet","1011","OtherSeq","320"
"Barnet","1011","NoNew","135"
"Barnet","1011","Declined","35"
"Barnsley","1011","NewServ","1765"
"Barnsley","1011","NoNew","225"
"Barnsley","1011","Declined","55"
"Barnsley","1011","OtherSeq","10"
"Bath and North East Somerset UA","1011","NewServ","1660"
"Bath and North East Somerset UA","1011","NoNew","785"
"Bath and North East Somerset UA","1011","Declined","20"
"Bath and North East Somerset UA","1011","OtherSeq","0"
"Bedford UA","1011","NewServ","990"
"Bedford UA","1011","NoNew","645"
"Bedford UA","1011","Declined","0"
"Bedford UA","1011","OtherSeq","0"
"Bexley","1011","NewServ","1575"
"Bexley","1011","NoNew","605"
"Bexley","1011","OtherSeq","100"
"Bexley","1011","Declined","75"
"Birmingham","1011","NewServ","10805"
"Birmingham","1011","NoNew","5515"
"Birmingham","1011","Declined","595"
"Birmingham","1011","OtherSeq","35"
"Blackburn with Darwen UA","1011","NewServ","865"
"Blackburn with Darwen UA","1011","NoNew","850"
"Blackburn with Darwen UA","1011","Declined","80"
"Blackburn with Darwen UA","1011","OtherSeq","45"
"Blackpool UA","1011","NewServ","1300"
"Blackpool UA","1011","NoNew","470"
"Blackpool UA","1011","Declined","85"
"Blackpool UA","1011","OtherSeq","0"
"Bolton","1011","NewServ","3265"
"Bolton","1011","OtherSeq","450"
"Bolton","1011","NoNew","245"
"Bolton","1011","Declined","190"
"Bournemouth UA","1011","NewServ","1710"
"Bournemouth UA","1011","NoNew","450"
"Bournemouth UA","1011","OtherSeq","130"
"Bournemouth UA","1011","Declined","20"
"Bracknell Forest UA","1011","NewServ","1630"
"Bracknell Forest UA","1011","NoNew","380"
"Bracknell Forest UA","1011","OtherSeq","320"
"Bracknell Forest UA","1011","Declined","30"
"Bradford","1011","NewServ","3685"
"Bradford","1011","NoNew","1335"
"Bradford","1011","Declined","570"
"Bradford","1011","OtherSeq","65"
"Brent","1011","NewServ","1470"
"Brent","1011","OtherSeq","1355"
"Brent","1011","Declined","110"
"Brent","1011","NoNew","5"
"Brighton and Hove UA","1011","NewServ","1400"
"Brighton and Hove UA","1011","OtherSeq","685"
"Brighton and Hove UA","1011","NoNew","90"
"Brighton and Hove UA","1011","Declined","20"
"Bristol UA","1011","NoNew","5410"
"Bristol UA","1011","NewServ","2445"
"Bristol UA","1011","OtherSeq","40"
"Bristol UA","1011","Declined","20"
"Bromley","1011","NewServ","1895"
"Bromley","1011","NoNew","320"
"Bromley","1011","OtherSeq","150"
"Bromley","1011","Declined","5"
"Buckinghamshire","1011","NewServ","1700"
"Buckinghamshire","1011","NoNew","505"
"Buckinghamshire","1011","Declined","50"
"Buckinghamshire","1011","OtherSeq","20"
"Bury","1011","NewServ","2410"
"Bury","1011","NoNew","960"
"Bury","1011","OtherSeq","935"
"Bury","1011","Declined","260"
"Calderdale","1011","NewServ","1535"
"Calderdale","1011","NoNew","225"
"Calderdale","1011","OtherSeq","45"
"Calderdale","1011","Declined","15"
"Cambridgeshire","1011","NewServ","4975"
"Cambridgeshire","1011","NoNew","350"
"Cambridgeshire","1011","Declined","55"
"Cambridgeshire","1011","OtherSeq","0"
"Camden","1011","NewServ","1990"
"Camden","1011","NoNew","505"
"Camden","1011","OtherSeq","20"
"Camden","1011","Declined","0"
"Central Bedfordshire UA","1011","NewServ","1910"
"Central Bedfordshire UA","1011","NoNew","455"
"Central Bedfordshire UA","1011","Declined","0"
"Central Bedfordshire UA","1011","OtherSeq","0"
"Cheshire East UA","1011","NewServ","3065"
"Cheshire East UA","1011","NoNew","995"
"Cheshire East UA","1011","OtherSeq","135"
"Cheshire East UA","1011","Declined","50"
"Cheshire West and Chester UA","1011","NewServ","2745"
"Cheshire West and Chester UA","1011","NoNew","1035"
"Cheshire West and Chester UA","1011","OtherSeq","375"
"Cheshire West and Chester UA","1011","Declined","55"
"City of London","1011","NewServ","75"
"City of London","1011","NoNew","10"
"City of London","1011","Declined","0"
"City of London","1011","OtherSeq","0"
"Cornwall","1011","OtherSeq","0"
"Cornwall","1011","NewServ","0"
"Cornwall","1011","NoNew","0"
"Cornwall","1011","Declined","0"
"Coventry","1011","NewServ","2115"
"Coventry","1011","NoNew","1555"
"Coventry","1011","OtherSeq","0"
"Coventry","1011","Declined","0"
"Croydon","1011","NewServ","2580"
"Croydon","1011","NoNew","155"
"Croydon","1011","Declined","65"
"Croydon","1011","OtherSeq","0"
"Cumbria","1011","NewServ","5430"
"Cumbria","1011","NoNew","920"
"Cumbria","1011","OtherSeq","815"
"Cumbria","1011","Declined","35"
"Darlington UA","1011","NewServ","765"
"Darlington UA","1011","OtherSeq","325"
"Darlington UA","1011","NoNew","115"
"Darlington UA","1011","Declined","35"
"Derby UA","1011","NewServ","2040"
"Derby UA","1011","OtherSeq","925"
"Derby UA","1011","NoNew","545"
"Derby UA","1011","Declined","55"
"Derbyshire","1011","NewServ","8540"
"Derbyshire","1011","NoNew","485"
"Derbyshire","1011","Declined","325"
"Derbyshire","1011","OtherSeq","225"
"Devon","1011","NewServ","8405"
"Devon","1011","NoNew","5300"
"Devon","1011","Declined","0"
"Devon","1011","OtherSeq","0"
"Doncaster","1011","NewServ","2095"
"Doncaster","1011","OtherSeq","305"
"Doncaster","1011","NoNew","185"
"Doncaster","1011","Declined","45"
"Dorset","1011","NewServ","4565"
"Dorset","1011","NoNew","1010"
"Dorset","1011","Declined","140"
"Dorset","1011","OtherSeq","105"
"Dudley","1011","NewServ","6485"
"Dudley","1011","NoNew","405"
"Dudley","1011","OtherSeq","95"
"Dudley","1011","Declined","20"
"Durham","1011","NewServ","4810"
"Durham","1011","NoNew","3055"
"Durham","1011","Declined","150"
"Durham","1011","OtherSeq","90"
"Ealing","1011","NewServ","2990"
"Ealing","1011","OtherSeq","270"
"Ealing","1011","NoNew","95"
"Ealing","1011","Declined","85"
"East Riding of Yorkshire UA","1011","NewServ","3295"
"East Riding of Yorkshire UA","1011","NoNew","865"
"East Riding of Yorkshire UA","1011","OtherSeq","15"
"East Riding of Yorkshire UA","1011","Declined","10"
"East Sussex","1011","NewServ","4675"
"East Sussex","1011","NoNew","1475"
"East Sussex","1011","OtherSeq","790"
"East Sussex","1011","Declined","20"
"Enfield","1011","NewServ","2555"
"Enfield","1011","NoNew","410"
"Enfield","1011","OtherSeq","85"
"Enfield","1011","Declined","35"
"Essex","1011","NewServ","17530"
"Essex","1011","NoNew","4430"
"Essex","1011","Declined","395"
"Essex","1011","OtherSeq","230"
"Gateshead","1011","NewServ","1915"
"Gateshead","1011","NoNew","575"
"Gateshead","1011","Declined","50"
"Gateshead","1011","OtherSeq","0"
"Gloucestershire","1011","NewServ","7685"
"Gloucestershire","1011","NoNew","785"
"Gloucestershire","1011","OtherSeq","710"
"Gloucestershire","1011","Declined","145"
"Greenwich","1011","NewServ","1975"
"Greenwich","1011","OtherSeq","595"
"Greenwich","1011","NoNew","275"
"Greenwich","1011","Declined","65"
"Hackney","1011","NewServ","1105"
"Hackney","1011","OtherSeq","115"
"Hackney","1011","Declined","80"
"Hackney","1011","NoNew","70"
"Halton UA","1011","NewServ","740"
"Halton UA","1011","NoNew","690"
"Halton UA","1011","Declined","0"
"Halton UA","1011","OtherSeq","0"
"Hammersmith and Fulham","1011","NewServ","965"
"Hammersmith and Fulham","1011","NoNew","345"
"Hammersmith and Fulham","1011","Declined","0"
"Hammersmith and Fulham","1011","OtherSeq","0"
"Hampshire","1011","NewServ","14665"
"Hampshire","1011","NoNew","2470"
"Hampshire","1011","OtherSeq","1785"
"Hampshire","1011","Declined","435"
"Haringey","1011","NewServ","1820"
"Haringey","1011","NoNew","180"
"Haringey","1011","Declined","50"
"Haringey","1011","OtherSeq","40"
"Harrow","1011","NewServ","1475"
"Harrow","1011","NoNew","415"
"Harrow","1011","Declined","10"
"Harrow","1011","OtherSeq","0"
"Hartlepool UA","1011","NewServ","1050"
"Hartlepool UA","1011","NoNew","305"
"Hartlepool UA","1011","Declined","0"
"Hartlepool UA","1011","OtherSeq","0"
"Havering","1011","NewServ","2205"
"Havering","1011","NoNew","480"
"Havering","1011","OtherSeq","410"
"Havering","1011","Declined","120"
"Herefordshire UA","1011","NewServ","2320"
"Herefordshire UA","1011","NoNew","595"
"Herefordshire UA","1011","Declined","75"
"Herefordshire UA","1011","OtherSeq","40"
"Hertfordshire","1011","NewServ","9505"
"Hertfordshire","1011","NoNew","1725"
"Hertfordshire","1011","Declined","90"
"Hertfordshire","1011","OtherSeq","65"
"Hillingdon","1011","NewServ","1950"
"Hillingdon","1011","OtherSeq","995"
"Hillingdon","1011","NoNew","30"
"Hillingdon","1011","Declined","25"
"Hounslow","1011","NewServ","1370"
"Hounslow","1011","NoNew","255"
"Hounslow","1011","OtherSeq","240"
"Hounslow","1011","Declined","35"
"Isle of Wight UA","1011","NewServ","455"
"Isle of Wight UA","1011","NoNew","80"
"Isle of Wight UA","1011","OtherSeq","65"
"Isle of Wight UA","1011","Declined","25"
"Isles of Scilly","1011","NewServ","55"
"Isles of Scilly","1011","Declined","0"
"Isles of Scilly","1011","OtherSeq","0"
"Isles of Scilly","1011","NoNew","0"
"Islington","1011","NoNew","1085"
"Islington","1011","NewServ","970"
"Islington","1011","OtherSeq","210"
"Islington","1011","Declined","65"
"Kensington and Chelsea","1011","NewServ","1310"
"Kensington and Chelsea","1011","NoNew","470"
"Kensington and Chelsea","1011","OtherSeq","125"
"Kensington and Chelsea","1011","Declined","0"
"Kent","1011","NewServ","17020"
"Kent","1011","OtherSeq","11175"
"Kent","1011","NoNew","3120"
"Kent","1011","Declined","790"
"Kingston upon Hull UA","1011","NewServ","2820"
"Kingston upon Hull UA","1011","NoNew","765"
"Kingston upon Hull UA","1011","Declined","165"
"Kingston upon Hull UA","1011","OtherSeq","25"
"Kingston upon Thames","1011","NewServ","595"
"Kingston upon Thames","1011","NoNew","135"
"Kingston upon Thames","1011","Declined","15"
"Kingston upon Thames","1011","OtherSeq","0"
"Kirklees","1011","NewServ","2710"
"Kirklees","1011","OtherSeq","305"
"Kirklees","1011","NoNew","290"
"Kirklees","1011","Declined","225"
"Knowsley","1011","NoNew","1135"
"Knowsley","1011","NewServ","1015"
"Knowsley","1011","Declined","75"
"Knowsley","1011","OtherSeq","0"
"Lambeth","1011","NewServ","2570"
"Lambeth","1011","OtherSeq","825"
"Lambeth","1011","NoNew","390"
"Lambeth","1011","Declined","0"
"Lancashire","1011","NewServ","7010"
"Lancashire","1011","NoNew","1385"
"Lancashire","1011","OtherSeq","820"
"Lancashire","1011","Declined","200"
"Leeds","1011","NewServ","4400"
"Leeds","1011","NoNew","2600"
"Leeds","1011","Declined","25"
"Leeds","1011","OtherSeq","20"
"Leicester UA","1011","NewServ","2270"
"Leicester UA","1011","NoNew","1105"
"Leicester UA","1011","Declined","115"
"Leicester UA","1011","OtherSeq","15"
"Leicestershire","1011","NewServ","4250"
"Leicestershire","1011","NoNew","635"
"Leicestershire","1011","Declined","125"
"Leicestershire","1011","OtherSeq","115"
"Lewisham","1011","NewServ","1165"
"Lewisham","1011","NoNew","165"
"Lewisham","1011","Declined","35"
"Lewisham","1011","OtherSeq","5"
"Lincolnshire","1011","OtherSeq","0"
"Lincolnshire","1011","NewServ","0"
"Lincolnshire","1011","NoNew","0"
"Lincolnshire","1011","Declined","0"
"Liverpool","1011","NewServ","4355"
"Liverpool","1011","NoNew","1705"
"Liverpool","1011","OtherSeq","1535"
"Liverpool","1011","Declined","250"
"Luton UA","1011","NewServ","1365"
"Luton UA","1011","OtherSeq","705"
"Luton UA","1011","Declined","475"
"Luton UA","1011","NoNew","270"
"Manchester","1011","NewServ","2075"
"Manchester","1011","NoNew","820"
"Manchester","1011","OtherSeq","290"
"Manchester","1011","Declined","75"
"Medway Towns UA","1011","NewServ","2495"
"Medway Towns UA","1011","NoNew","1540"
"Medway Towns UA","1011","OtherSeq","40"
"Medway Towns UA","1011","Declined","15"
"Merton","1011","NewServ","1390"
"Merton","1011","NoNew","235"
"Merton","1011","Declined","10"
"Merton","1011","OtherSeq","0"
"Middlesbrough UA","1011","NoNew","1100"
"Middlesbrough UA","1011","NewServ","750"
"Middlesbrough UA","1011","Declined","55"
"Middlesbrough UA","1011","OtherSeq","30"
"Milton Keynes UA","1011","NewServ","460"
"Milton Keynes UA","1011","NoNew","385"
"Milton Keynes UA","1011","OtherSeq","125"
"Milton Keynes UA","1011","Declined","20"
"Newcastle upon Tyne","1011","NewServ","2625"
"Newcastle upon Tyne","1011","NoNew","165"
"Newcastle upon Tyne","1011","Declined","80"
"Newcastle upon Tyne","1011","OtherSeq","35"
"Newham","1011","NewServ","2185"
"Newham","1011","OtherSeq","775"
"Newham","1011","NoNew","725"
"Newham","1011","Declined","70"
"Norfolk","1011","NewServ","8255"
"Norfolk","1011","NoNew","7420"
"Norfolk","1011","Declined","35"
"Norfolk","1011","OtherSeq","10"
"North East Lincolnshire UA","1011","NewServ","2145"
"North East Lincolnshire UA","1011","NoNew","700"
"North East Lincolnshire UA","1011","OtherSeq","295"
"North East Lincolnshire UA","1011","Declined","20"
"North Lincolnshire UA","1011","NewServ","1825"
"North Lincolnshire UA","1011","NoNew","180"
"North Lincolnshire UA","1011","OtherSeq","115"
"North Lincolnshire UA","1011","Declined","60"
"North Somerset UA","1011","NewServ","1240"
"North Somerset UA","1011","NoNew","1110"
"North Somerset UA","1011","OtherSeq","390"
"North Somerset UA","1011","Declined","35"
"North Tyneside","1011","NewServ","2080"
"North Tyneside","1011","NoNew","400"
"North Tyneside","1011","Declined","75"
"North Tyneside","1011","OtherSeq","5"
"North Yorkshire","1011","NewServ","5620"
"North Yorkshire","1011","NoNew","710"
"North Yorkshire","1011","Declined","180"
"North Yorkshire","1011","OtherSeq","60"
"Northamptonshire","1011","NewServ","4570"
"Northamptonshire","1011","NoNew","1475"
"Northamptonshire","1011","OtherSeq","400"
"Northamptonshire","1011","Declined","220"
"Northumberland","1011","NewServ","3140"
"Northumberland","1011","NoNew","1915"
"Northumberland","1011","OtherSeq","75"
"Northumberland","1011","Declined","0"
"Nottingham UA","1011","NewServ","1825"
"Nottingham UA","1011","OtherSeq","1330"
"Nottingham UA","1011","NoNew","330"
"Nottingham UA","1011","Declined","115"
"Nottinghamshire","1011","NewServ","7555"
"Nottinghamshire","1011","NoNew","740"
"Nottinghamshire","1011","Declined","40"
"Nottinghamshire","1011","OtherSeq","0"
"Oldham","1011","NewServ","1250"
"Oldham","1011","OtherSeq","645"
"Oldham","1011","NoNew","90"
"Oldham","1011","Declined","5"
"Oxfordshire","1011","NoNew","4610"
"Oxfordshire","1011","NewServ","3240"
"Oxfordshire","1011","OtherSeq","120"
"Oxfordshire","1011","Declined","5"
"Peterborough UA","1011","NewServ","1595"
"Peterborough UA","1011","NoNew","210"
"Peterborough UA","1011","OtherSeq","140"
"Peterborough UA","1011","Declined","85"
"Plymouth UA","1011","NewServ","2690"
"Plymouth UA","1011","NoNew","1220"
"Plymouth UA","1011","OtherSeq","80"
"Plymouth UA","1011","Declined","0"
"Poole UA","1011","NewServ","1515"
"Poole UA","1011","NoNew","405"
"Poole UA","1011","Declined","130"
"Poole UA","1011","OtherSeq","40"
"Portsmouth UA","1011","OtherSeq","1635"
"Portsmouth UA","1011","NewServ","1460"
"Portsmouth UA","1011","NoNew","270"
"Portsmouth UA","1011","Declined","60"
"Reading UA","1011","NewServ","1495"
"Reading UA","1011","NoNew","465"
"Reading UA","1011","Declined","45"
"Reading UA","1011","OtherSeq","25"
"Redbridge","1011","NewServ","1960"
"Redbridge","1011","NoNew","60"
"Redbridge","1011","OtherSeq","55"
"Redbridge","1011","Declined","5"
"Redcar and Cleveland UA","1011","NewServ","1485"
"Redcar and Cleveland UA","1011","NoNew","155"
"Redcar and Cleveland UA","1011","Declined","55"
"Redcar and Cleveland UA","1011","OtherSeq","20"
"Richmond upon Thames","1011","NewServ","1125"
"Richmond upon Thames","1011","NoNew","450"
"Richmond upon Thames","1011","OtherSeq","10"
"Richmond upon Thames","1011","Declined","5"
"Rochdale","1011","NewServ","2110"
"Rochdale","1011","OtherSeq","360"
"Rochdale","1011","NoNew","280"
"Rochdale","1011","Declined","35"
"Rotherham","1011","NewServ","2410"
"Rotherham","1011","NoNew","635"
"Rotherham","1011","Declined","55"
"Rotherham","1011","OtherSeq","25"
"Rutland UA","1011","NewServ","465"
"Rutland UA","1011","OtherSeq","115"
"Rutland UA","1011","NoNew","110"
"Rutland UA","1011","Declined","5"
"Salford","1011","NewServ","1780"
"Salford","1011","NoNew","815"
"Salford","1011","Declined","195"
"Salford","1011","OtherSeq","145"
"Sandwell","1011","NewServ","4045"
"Sandwell","1011","NoNew","285"
"Sandwell","1011","OtherSeq","35"
"Sandwell","1011","Declined","20"
"Sefton","1011","NewServ","3235"
"Sefton","1011","NoNew","270"
"Sefton","1011","Declined","90"
"Sefton","1011","OtherSeq","5"
"Sheffield","1011","NewServ","3665"
"Sheffield","1011","NoNew","1390"
"Sheffield","1011","OtherSeq","265"
"Sheffield","1011","Declined","180"
"Shropshire","1011","NewServ","3355"
"Shropshire","1011","NoNew","1025"
"Shropshire","1011","Declined","70"
"Shropshire","1011","OtherSeq","0"
"Slough UA","1011","NewServ","715"
"Slough UA","1011","OtherSeq","550"
"Slough UA","1011","NoNew","290"
"Slough UA","1011","Declined","20"
"Solihull","1011","NewServ","1330"
"Solihull","1011","OtherSeq","330"
"Solihull","1011","Declined","255"
"Solihull","1011","NoNew","225"
"Somerset","1011","NewServ","4665"
"Somerset","1011","NoNew","1280"
"Somerset","1011","OtherSeq","850"
"Somerset","1011","Declined","255"
"South Gloucestershire UA","1011","NewServ","1935"
"South Gloucestershire UA","1011","OtherSeq","690"
"South Gloucestershire UA","1011","NoNew","275"
"South Gloucestershire UA","1011","Declined","40"
"South Tyneside","1011","NewServ","1360"
"South Tyneside","1011","OtherSeq","850"
"South Tyneside","1011","NoNew","410"
"South Tyneside","1011","Declined","65"
"Southampton UA","1011","NewServ","2045"
"Southampton UA","1011","NoNew","1610"
"Southampton UA","1011","OtherSeq","5"
"Southampton UA","1011","Declined","0"
"Southend-on-Sea UA","1011","NewServ","1975"
"Southend-on-Sea UA","1011","NoNew","1355"
"Southend-on-Sea UA","1011","OtherSeq","340"
"Southend-on-Sea UA","1011","Declined","25"
"Southwark","1011","NewServ","2655"
"Southwark","1011","NoNew","440"
"Southwark","1011","Declined","75"
"Southwark","1011","OtherSeq","10"
"St. Helens","1011","NewServ","1245"
"St. Helens","1011","NoNew","925"
"St. Helens","1011","Declined","110"
"St. Helens","1011","OtherSeq","0"
"Staffordshire","1011","NewServ","5400"
"Staffordshire","1011","NoNew","2310"
"Staffordshire","1011","OtherSeq","1960"
"Staffordshire","1011","Declined","280"
"Stockport","1011","NewServ","3610"
"Stockport","1011","NoNew","245"
"Stockport","1011","Declined","80"
"Stockport","1011","OtherSeq","0"
"Stockton-on-Tees UA","1011","NewServ","2470"
"Stockton-on-Tees UA","1011","OtherSeq","135"
"Stockton-on-Tees UA","1011","NoNew","120"
"Stockton-on-Tees UA","1011","Declined","50"
"Stoke-on-Trent UA","1011","NewServ","3415"
"Stoke-on-Trent UA","1011","NoNew","640"
"Stoke-on-Trent UA","1011","Declined","85"
"Stoke-on-Trent UA","1011","OtherSeq","45"
"Suffolk","1011","NewServ","5940"
"Suffolk","1011","NoNew","1775"
"Suffolk","1011","OtherSeq","370"
"Suffolk","1011","Declined","330"
"Sunderland","1011","NewServ","2890"
"Sunderland","1011","OtherSeq","595"
"Sunderland","1011","NoNew","585"
"Sunderland","1011","Declined","90"
"Surrey","1011","NewServ","7595"
"Surrey","1011","NoNew","940"
"Surrey","1011","OtherSeq","685"
"Surrey","1011","Declined","215"
"Sutton","1011","NewServ","1015"
"Sutton","1011","NoNew","70"
"Sutton","1011","OtherSeq","35"
"Sutton","1011","Declined","10"
"Swindon UA","1011","NewServ","2250"
"Swindon UA","1011","NoNew","1425"
"Swindon UA","1011","Declined","50"
"Swindon UA","1011","OtherSeq","40"
"Tameside","1011","NewServ","3280"
"Tameside","1011","OtherSeq","1820"
"Tameside","1011","NoNew","535"
"Tameside","1011","Declined","150"
"Telford and the Wrekin UA","1011","NewServ","1420"
"Telford and the Wrekin UA","1011","OtherSeq","500"
"Telford and the Wrekin UA","1011","NoNew","255"
"Telford and the Wrekin UA","1011","Declined","75"
"Thurrock UA","1011","NewServ","585"
"Thurrock UA","1011","OtherSeq","5"
"Thurrock UA","1011","Declined","0"
"Thurrock UA","1011","NoNew","0"
"Torbay UA","1011","NewServ","1625"
"Torbay UA","1011","NoNew","575"
"Torbay UA","1011","Declined","80"
"Torbay UA","1011","OtherSeq","10"
"Tower Hamlets","1011","NewServ","1310"
"Tower Hamlets","1011","NoNew","355"
"Tower Hamlets","1011","OtherSeq","55"
"Tower Hamlets","1011","Declined","25"
"Trafford","1011","NewServ","3300"
"Trafford","1011","NoNew","365"
"Trafford","1011","OtherSeq","240"
"Trafford","1011","Declined","55"
"Wakefield","1011","NewServ","1445"
"Wakefield","1011","OtherSeq","870"
"Wakefield","1011","NoNew","585"
"Wakefield","1011","Declined","155"
"Walsall","1011","NewServ","20"
"Walsall","1011","Declined","0"
"Walsall","1011","OtherSeq","0"
"Walsall","1011","NoNew","0"
"Waltham Forest","1011","NewServ","485"
"Waltham Forest","1011","NoNew","155"
"Waltham Forest","1011","OtherSeq","125"
"Waltham Forest","1011","Declined","25"
"Wandsworth","1011","NewServ","1420"
"Wandsworth","1011","NoNew","200"
"Wandsworth","1011","OtherSeq","25"
"Wandsworth","1011","Declined","0"
"Warrington UA","1011","NewServ","1870"
"Warrington UA","1011","NoNew","725"
"Warrington UA","1011","Declined","165"
"Warrington UA","1011","OtherSeq","75"
"Warwickshire","1011","NewServ","2460"
"Warwickshire","1011","NoNew","1860"
"Warwickshire","1011","Declined","180"
"Warwickshire","1011","OtherSeq","0"
"West Berkshire UA","1011","NewServ","1205"
"West Berkshire UA","1011","NoNew","210"
"West Berkshire UA","1011","Declined","45"
"West Berkshire UA","1011","OtherSeq","20"
"West Sussex","1011","NewServ","6220"
"West Sussex","1011","NoNew","1835"
"West Sussex","1011","OtherSeq","290"
"West Sussex","1011","Declined","55"
"Westminster","1011","NewServ","1295"
"Westminster","1011","NoNew","1190"
"Westminster","1011","OtherSeq","90"
"Westminster","1011","Declined","80"
"Wigan","1011","NewServ","1885"
"Wigan","1011","NoNew","830"
"Wigan","1011","OtherSeq","175"
"Wigan","1011","Declined","100"
"Wiltshire","1011","NewServ","6245"
"Wiltshire","1011","NoNew","4325"
"Wiltshire","1011","OtherSeq","610"
"Wiltshire","1011","Declined","0"
"Windsor and Maidenhead UA","1011","NewServ","1060"
"Windsor and Maidenhead UA","1011","Declined","150"
"Windsor and Maidenhead UA","1011","NoNew","120"
"Windsor and Maidenhead UA","1011","OtherSeq","0"
"Wirral","1011","NewServ","2280"
"Wirral","1011","NoNew","945"
"Wirral","1011","OtherSeq","905"
"Wirral","1011","Declined","35"
"Wokingham UA","1011","NewServ","1210"
"Wokingham UA","1011","NoNew","335"
"Wokingham UA","1011","Declined","5"
"Wokingham UA","1011","OtherSeq","0"
"Wolverhampton","1011","NewServ","1180"
"Wolverhampton","1011","NoNew","1150"
"Wolverhampton","1011","Declined","0"
"Wolverhampton","1011","OtherSeq","0"
"Worcestershire","1011","NewServ","2870"
"Worcestershire","1011","NoNew","720"
"Worcestershire","1011","OtherSeq","275"
"Worcestershire","1011","Declined","0"
"York UA","1011","NewServ","1445"
"York UA","1011","NoNew","315"
"York UA","1011","Declined","20"
"York UA","1011","OtherSeq","15"
"Barking and Dagenham","1112","NewServ","692"
"Barking and Dagenham","1112","OtherSeq","188"
"Barking and Dagenham","1112","NoNew","140"
"Barking and Dagenham","1112","Declined","8"
"Barnet","1112","NewServ","2030"
"Barnet","1112","OtherSeq","253"
"Barnet","1112","NoNew","161"
"Barnet","1112","Declined","22"
"Barnsley","1112","NewServ","1802"
"Barnsley","1112","NoNew","215"
"Barnsley","1112","Declined","89"
"Barnsley","1112","OtherSeq","22"
"Bath and North East Somerset UA","1112","NoNew","1823"
"Bath and North East Somerset UA","1112","NewServ","1390"
"Bath and North East Somerset UA","1112","Declined","37"
"Bath and North East Somerset UA","1112","OtherSeq","0"
"Bedford UA","1112","NewServ","773"
"Bedford UA","1112","NoNew","638"
"Bedford UA","1112","Declined","0"
"Bedford UA","1112","OtherSeq","0"
"Bexley","1112","NoNew","1018"
"Bexley","1112","NewServ","547"
"Bexley","1112","Declined","93"
"Bexley","1112","OtherSeq","34"
"Birmingham","1112","NewServ","12031"
"Birmingham","1112","NoNew","4653"
"Birmingham","1112","Declined","360"
"Birmingham","1112","OtherSeq","24"
"Blackburn with Darwen UA","1112","NoNew","894"
"Blackburn with Darwen UA","1112","NewServ","819"
"Blackburn with Darwen UA","1112","Declined","76"
"Blackburn with Darwen UA","1112","OtherSeq","9"
"Blackpool UA","1112","NewServ","1978"
"Blackpool UA","1112","NoNew","532"
"Blackpool UA","1112","Declined","100"
"Blackpool UA","1112","OtherSeq","0"
"Bolton","1112","NewServ","945"
"Bolton","1112","NoNew","125"
"Bolton","1112","Declined","72"
"Bolton","1112","OtherSeq","60"
"Bournemouth UA","1112","NewServ","1800"
"Bournemouth UA","1112","NoNew","325"
"Bournemouth UA","1112","OtherSeq","65"
"Bournemouth UA","1112","Declined","38"
"Bracknell Forest UA","1112","NewServ","1091"
"Bracknell Forest UA","1112","NoNew","216"
"Bracknell Forest UA","1112","OtherSeq","16"
"Bracknell Forest UA","1112","Declined","6"
"Bradford","1112","NewServ","3800"
"Bradford","1112","NoNew","323"
"Bradford","1112","OtherSeq","265"
"Bradford","1112","Declined","85"
"Brent","1112","NewServ","2659"
"Brent","1112","NoNew","1001"
"Brent","1112","OtherSeq","505"
"Brent","1112","Declined","0"
"Brighton and Hove UA","1112","NewServ","1607"
"Brighton and Hove UA","1112","OtherSeq","387"
"Brighton and Hove UA","1112","NoNew","62"
"Brighton and Hove UA","1112","Declined","20"
"Bristol UA","1112","NoNew","3195"
"Bristol UA","1112","NewServ","2481"
"Bristol UA","1112","OtherSeq","125"
"Bristol UA","1112","Declined","59"
"Bromley","1112","NewServ","1637"
"Bromley","1112","NoNew","641"
"Bromley","1112","OtherSeq","169"
"Bromley","1112","Declined","0"
"Buckinghamshire","1112","NewServ","1776"
"Buckinghamshire","1112","NoNew","342"
"Buckinghamshire","1112","Declined","105"
"Buckinghamshire","1112","OtherSeq","20"
"Bury","1112","NewServ","2360"
"Bury","1112","NoNew","1245"
"Bury","1112","OtherSeq","706"
"Bury","1112","Declined","206"
"Calderdale","1112","NewServ","975"
"Calderdale","1112","NoNew","344"
"Calderdale","1112","OtherSeq","28"
"Calderdale","1112","Declined","12"
"Cambridgeshire","1112","NewServ","4621"
"Cambridgeshire","1112","NoNew","305"
"Cambridgeshire","1112","Declined","16"
"Cambridgeshire","1112","OtherSeq","0"
"Camden","1112","NewServ","1864"
"Camden","1112","NoNew","712"
"Camden","1112","Declined","136"
"Camden","1112","OtherSeq","14"
"Central Bedfordshire UA","1112","NewServ","1425"
"Central Bedfordshire UA","1112","NoNew","748"
"Central Bedfordshire UA","1112","OtherSeq","0"
"Central Bedfordshire UA","1112","Declined","0"
"Cheshire East UA","1112","NewServ","3362"
"Cheshire East UA","1112","NoNew","1578"
"Cheshire East UA","1112","OtherSeq","107"
"Cheshire East UA","1112","Declined","44"
"Cheshire West and Chester UA","1112","NewServ","2424"
"Cheshire West and Chester UA","1112","NoNew","524"
"Cheshire West and Chester UA","1112","OtherSeq","338"
"Cheshire West and Chester UA","1112","Declined","21"
"City of London","1112","NewServ","50"
"City of London","1112","NoNew","24"
"City of London","1112","Declined","3"
"City of London","1112","OtherSeq","2"
"Cornwall","1112","NewServ","8195"
"Cornwall","1112","NoNew","4516"
"Cornwall","1112","OtherSeq","439"
"Cornwall","1112","Declined","21"
"Coventry","1112","NoNew","2573"
"Coventry","1112","NewServ","2040"
"Coventry","1112","Declined","13"
"Coventry","1112","OtherSeq","2"
"Croydon","1112","NewServ","2896"
"Croydon","1112","NoNew","189"
"Croydon","1112","Declined","80"
"Croydon","1112","OtherSeq","0"
"Cumbria","1112","NewServ","4467"
"Cumbria","1112","OtherSeq","790"
"Cumbria","1112","NoNew","459"
"Cumbria","1112","Declined","23"
"Darlington UA","1112","NewServ","978"
"Darlington UA","1112","OtherSeq","251"
"Darlington UA","1112","NoNew","208"
"Darlington UA","1112","Declined","19"
"Derby UA","1112","NewServ","2292"
"Derby UA","1112","OtherSeq","516"
"Derby UA","1112","NoNew","396"
"Derby UA","1112","Declined","42"
"Derbyshire","1112","NewServ","2933"
"Derbyshire","1112","OtherSeq","884"
"Derbyshire","1112","NoNew","435"
"Derbyshire","1112","Declined","13"
"Devon","1112","NewServ","8718"
"Devon","1112","NoNew","5442"
"Devon","1112","Declined","0"
"Devon","1112","OtherSeq","0"
"Doncaster","1112","NewServ","1827"
"Doncaster","1112","OtherSeq","363"
"Doncaster","1112","NoNew","295"
"Doncaster","1112","Declined","74"
"Dorset","1112","NewServ","4719"
"Dorset","1112","NoNew","2125"
"Dorset","1112","OtherSeq","352"
"Dorset","1112","Declined","87"
"Dudley","1112","NewServ","3553"
"Dudley","1112","NoNew","402"
"Dudley","1112","OtherSeq","195"
"Dudley","1112","Declined","14"
"Durham","1112","NewServ","4713"
"Durham","1112","NoNew","2998"
"Durham","1112","Declined","158"
"Durham","1112","OtherSeq","88"
"Ealing","1112","NewServ","2737"
"Ealing","1112","OtherSeq","198"
"Ealing","1112","NoNew","137"
"Ealing","1112","Declined","87"
"East Riding of Yorkshire UA","1112","NewServ","3642"
"East Riding of Yorkshire UA","1112","NoNew","935"
"East Riding of Yorkshire UA","1112","OtherSeq","58"
"East Riding of Yorkshire UA","1112","Declined","9"
"East Sussex","1112","NewServ","4947"
"East Sussex","1112","NoNew","1486"
"East Sussex","1112","OtherSeq","1127"
"East Sussex","1112","Declined","199"
"Enfield","1112","NewServ","2388"
"Enfield","1112","NoNew","112"
"Enfield","1112","Declined","32"
"Enfield","1112","OtherSeq","9"
"Essex","1112","NewServ","16554"
"Essex","1112","NoNew","3740"
"Essex","1112","Declined","423"
"Essex","1112","OtherSeq","236"
"Gateshead","1112","NewServ","1847"
"Gateshead","1112","NoNew","549"
"Gateshead","1112","Declined","54"
"Gateshead","1112","OtherSeq","0"
"Gloucestershire","1112","OtherSeq","7355"
"Gloucestershire","1112","NewServ","1026"
"Gloucestershire","1112","NoNew","742"
"Gloucestershire","1112","Declined","197"
"Greenwich","1112","NewServ","2248"
"Greenwich","1112","OtherSeq","234"
"Greenwich","1112","NoNew","233"
"Greenwich","1112","Declined","195"
"Hackney","1112","NewServ","1101"
"Hackney","1112","NoNew","142"
"Hackney","1112","OtherSeq","132"
"Hackney","1112","Declined","75"
"Halton UA","1112","NewServ","722"
"Halton UA","1112","NoNew","582"
"Halton UA","1112","Declined","1"
"Halton UA","1112","OtherSeq","0"
"Hammersmith and Fulham","1112","NewServ","1028"
"Hammersmith and Fulham","1112","NoNew","204"
"Hammersmith and Fulham","1112","Declined","0"
"Hammersmith and Fulham","1112","OtherSeq","0"
"Hampshire","1112","NewServ","13354"
"Hampshire","1112","NoNew","1587"
"Hampshire","1112","OtherSeq","1409"
"Hampshire","1112","Declined","259"
"Haringey","1112","NewServ","1291"
"Haringey","1112","NoNew","109"
"Haringey","1112","Declined","19"
"Haringey","1112","OtherSeq","12"
"Harrow","1112","NewServ","924"
"Harrow","1112","NoNew","245"
"Harrow","1112","OtherSeq","64"
"Harrow","1112","Declined","25"
"Hartlepool UA","1112","NewServ","1066"
"Hartlepool UA","1112","NoNew","228"
"Hartlepool UA","1112","OtherSeq","0"
"Hartlepool UA","1112","Declined","0"
"Havering","1112","NewServ","2152"
"Havering","1112","OtherSeq","457"
"Havering","1112","NoNew","334"
"Havering","1112","Declined","71"
"Herefordshire UA","1112","NewServ","1731"
"Herefordshire UA","1112","NoNew","309"
"Herefordshire UA","1112","OtherSeq","141"
"Herefordshire UA","1112","Declined","0"
"Hertfordshire","1112","NewServ","11827"
"Hertfordshire","1112","NoNew","1513"
"Hertfordshire","1112","Declined","70"
"Hertfordshire","1112","OtherSeq","56"
"Hillingdon","1112","NewServ","2005"
"Hillingdon","1112","OtherSeq","768"
"Hillingdon","1112","Declined","24"
"Hillingdon","1112","NoNew","19"
"Hounslow","1112","NewServ","847"
"Hounslow","1112","OtherSeq","343"
"Hounslow","1112","NoNew","142"
"Hounslow","1112","Declined","25"
"Isle of Wight UA","1112","NewServ","559"
"Isle of Wight UA","1112","OtherSeq","173"
"Isle of Wight UA","1112","NoNew","72"
"Isle of Wight UA","1112","Declined","33"
"Isles of Scilly","1112","NewServ","25"
"Isles of Scilly","1112","NoNew","0"
"Isles of Scilly","1112","Declined","0"
"Isles of Scilly","1112","OtherSeq","0"
"Islington","1112","NewServ","976"
"Islington","1112","OtherSeq","680"
"Islington","1112","NoNew","598"
"Islington","1112","Declined","53"
"Kensington and Chelsea","1112","NewServ","1539"
"Kensington and Chelsea","1112","NoNew","296"
"Kensington and Chelsea","1112","Declined","5"
"Kensington and Chelsea","1112","OtherSeq","0"
"Kent","1112","NewServ","13621"
"Kent","1112","OtherSeq","11177"
"Kent","1112","NoNew","2318"
"Kent","1112","Declined","473"
"Kingston upon Hull UA","1112","NewServ","2831"
"Kingston upon Hull UA","1112","NoNew","663"
"Kingston upon Hull UA","1112","Declined","126"
"Kingston upon Hull UA","1112","OtherSeq","93"
"Kingston upon Thames","1112","NewServ","694"
"Kingston upon Thames","1112","NoNew","143"
"Kingston upon Thames","1112","Declined","24"
"Kingston upon Thames","1112","OtherSeq","0"
"Kirklees","1112","NewServ","2420"
"Kirklees","1112","OtherSeq","304"
"Kirklees","1112","NoNew","138"
"Kirklees","1112","Declined","94"
"Knowsley","1112","NoNew","1189"
"Knowsley","1112","NewServ","885"
"Knowsley","1112","Declined","38"
"Knowsley","1112","OtherSeq","4"
"Lambeth","1112","NewServ","2481"
"Lambeth","1112","OtherSeq","512"
"Lambeth","1112","NoNew","314"
"Lambeth","1112","Declined","0"
"Lancashire","1112","NewServ","6383"
"Lancashire","1112","OtherSeq","1164"
"Lancashire","1112","NoNew","1129"
"Lancashire","1112","Declined","156"
"Leeds","1112","NewServ","4595"
"Leeds","1112","NoNew","2681"
"Leeds","1112","OtherSeq","41"
"Leeds","1112","Declined","38"
"Leicester UA","1112","NewServ","2522"
"Leicester UA","1112","NoNew","452"
"Leicester UA","1112","Declined","111"
"Leicester UA","1112","OtherSeq","31"
"Leicestershire","1112","NewServ","4074"
"Leicestershire","1112","NoNew","628"
"Leicestershire","1112","Declined","64"
"Leicestershire","1112","OtherSeq","47"
"Lewisham","1112","NewServ","1763"
"Lewisham","1112","NoNew","123"
"Lewisham","1112","OtherSeq","42"
"Lewisham","1112","Declined","32"
"Lincolnshire","1112","NewServ","4558"
"Lincolnshire","1112","OtherSeq","2706"
"Lincolnshire","1112","NoNew","1705"
"Lincolnshire","1112","Declined","61"
"Liverpool","1112","NewServ","3898"
"Liverpool","1112","OtherSeq","1833"
"Liverpool","1112","NoNew","766"
"Liverpool","1112","Declined","281"
"Luton UA","1112","NewServ","1186"
"Luton UA","1112","OtherSeq","660"
"Luton UA","1112","Declined","447"
"Luton UA","1112","NoNew","108"
"Manchester","1112","NewServ","3174"
"Manchester","1112","NoNew","1154"
"Manchester","1112","Declined","76"
"Manchester","1112","OtherSeq","21"
"Medway Towns UA","1112","NewServ","2167"
"Medway Towns UA","1112","NoNew","535"
"Medway Towns UA","1112","Declined","49"
"Medway Towns UA","1112","OtherSeq","0"
"Merton","1112","NewServ","1213"
"Merton","1112","NoNew","392"
"Merton","1112","Declined","19"
"Merton","1112","OtherSeq","0"
"Middlesbrough UA","1112","NewServ","868"
"Middlesbrough UA","1112","NoNew","625"
"Middlesbrough UA","1112","Declined","48"
"Middlesbrough UA","1112","OtherSeq","19"
"Milton Keynes UA","1112","NewServ","535"
"Milton Keynes UA","1112","NoNew","255"
"Milton Keynes UA","1112","OtherSeq","236"
"Milton Keynes UA","1112","Declined","7"
"Newcastle upon Tyne","1112","NewServ","2709"
"Newcastle upon Tyne","1112","NoNew","99"
"Newcastle upon Tyne","1112","Declined","51"
"Newcastle upon Tyne","1112","OtherSeq","25"
"Newham","1112","OtherSeq","1502"
"Newham","1112","NoNew","1023"
"Newham","1112","NewServ","657"
"Newham","1112","Declined","77"
"Norfolk","1112","NewServ","7145"
"Norfolk","1112","NoNew","6880"
"Norfolk","1112","OtherSeq","65"
"Norfolk","1112","Declined","55"
"North East Lincolnshire UA","1112","NewServ","1798"
"North East Lincolnshire UA","1112","NoNew","620"
"North East Lincolnshire UA","1112","OtherSeq","220"
"North East Lincolnshire UA","1112","Declined","6"
"North Lincolnshire UA","1112","NewServ","1663"
"North Lincolnshire UA","1112","OtherSeq","244"
"North Lincolnshire UA","1112","NoNew","190"
"North Lincolnshire UA","1112","Declined","58"
"North Somerset UA","1112","NoNew","1727"
"North Somerset UA","1112","NewServ","1086"
"North Somerset UA","1112","OtherSeq","326"
"North Somerset UA","1112","Declined","35"
"North Tyneside","1112","NewServ","1577"
"North Tyneside","1112","NoNew","398"
"North Tyneside","1112","Declined","84"
"North Tyneside","1112","OtherSeq","5"
"North Yorkshire","1112","NewServ","5323"
"North Yorkshire","1112","NoNew","540"
"North Yorkshire","1112","OtherSeq","231"
"North Yorkshire","1112","Declined","3"
"Northamptonshire","1112","NewServ","6233"
"Northamptonshire","1112","NoNew","993"
"Northamptonshire","1112","OtherSeq","248"
"Northamptonshire","1112","Declined","206"
"Northumberland","1112","NoNew","2441"
"Northumberland","1112","NewServ","2008"
"Northumberland","1112","OtherSeq","104"
"Northumberland","1112","Declined","0"
"Nottingham UA","1112","NewServ","1845"
"Nottingham UA","1112","OtherSeq","1445"
"Nottingham UA","1112","NoNew","321"
"Nottingham UA","1112","Declined","95"
"Nottinghamshire","1112","NewServ","6251"
"Nottinghamshire","1112","NoNew","673"
"Nottinghamshire","1112","OtherSeq","25"
"Nottinghamshire","1112","Declined","0"
"Oldham","1112","NewServ","1309"
"Oldham","1112","NoNew","311"
"Oldham","1112","OtherSeq","183"
"Oldham","1112","Declined","1"
"Oxfordshire","1112","NoNew","3825"
"Oxfordshire","1112","NewServ","3467"
"Oxfordshire","1112","OtherSeq","103"
"Oxfordshire","1112","Declined","7"
"Peterborough UA","1112","NewServ","1470"
"Peterborough UA","1112","OtherSeq","395"
"Peterborough UA","1112","NoNew","261"
"Peterborough UA","1112","Declined","66"
"Plymouth UA","1112","NewServ","1638"
"Plymouth UA","1112","NoNew","991"
"Plymouth UA","1112","Declined","0"
"Plymouth UA","1112","OtherSeq","0"
"Poole UA","1112","NewServ","1262"
"Poole UA","1112","NoNew","334"
"Poole UA","1112","OtherSeq","136"
"Poole UA","1112","Declined","109"
"Portsmouth UA","1112","NewServ","1672"
"Portsmouth UA","1112","OtherSeq","1076"
"Portsmouth UA","1112","NoNew","282"
"Portsmouth UA","1112","Declined","47"
"Reading UA","1112","NewServ","1377"
"Reading UA","1112","NoNew","461"
"Reading UA","1112","Declined","53"
"Reading UA","1112","OtherSeq","33"
"Redbridge","1112","NewServ","1926"
"Redbridge","1112","NoNew","32"
"Redbridge","1112","OtherSeq","9"
"Redbridge","1112","Declined","5"
"Redcar and Cleveland UA","1112","NewServ","1458"
"Redcar and Cleveland UA","1112","NoNew","204"
"Redcar and Cleveland UA","1112","Declined","67"
"Redcar and Cleveland UA","1112","OtherSeq","16"
"Richmond upon Thames","1112","NewServ","383"
"Richmond upon Thames","1112","NoNew","238"
"Richmond upon Thames","1112","OtherSeq","113"
"Richmond upon Thames","1112","Declined","0"
"Rochdale","1112","NewServ","2059"
"Rochdale","1112","OtherSeq","305"
"Rochdale","1112","NoNew","272"
"Rochdale","1112","Declined","21"
"Rotherham","1112","NewServ","3185"
"Rotherham","1112","NoNew","1432"
"Rotherham","1112","OtherSeq","370"
"Rotherham","1112","Declined","88"
"Rutland UA","1112","NewServ","406"
"Rutland UA","1112","OtherSeq","159"
"Rutland UA","1112","NoNew","86"
"Rutland UA","1112","Declined","3"
"Salford","1112","NewServ","1703"
"Salford","1112","NoNew","597"
"Salford","1112","OtherSeq","153"
"Salford","1112","Declined","101"
"Sandwell","1112","NewServ","3561"
"Sandwell","1112","NoNew","536"
"Sandwell","1112","Declined","144"
"Sandwell","1112","OtherSeq","102"
"Sefton","1112","NewServ","2669"
"Sefton","1112","NoNew","268"
"Sefton","1112","Declined","44"
"Sefton","1112","OtherSeq","5"
"Sheffield","1112","NewServ","3627"
"Sheffield","1112","NoNew","1065"
"Sheffield","1112","Declined","495"
"Sheffield","1112","OtherSeq","100"
"Shropshire","1112","NewServ","3208"
"Shropshire","1112","NoNew","1110"
"Shropshire","1112","Declined","54"
"Shropshire","1112","OtherSeq","0"
"Slough UA","1112","OtherSeq","736"
"Slough UA","1112","NewServ","687"
"Slough UA","1112","NoNew","88"
"Slough UA","1112","Declined","17"
"Solihull","1112","NewServ","1193"
"Solihull","1112","NoNew","188"
"Solihull","1112","OtherSeq","167"
"Solihull","1112","Declined","165"
"Somerset","1112","NewServ","3201"
"Somerset","1112","NoNew","1141"
"Somerset","1112","OtherSeq","313"
"Somerset","1112","Declined","124"
"South Gloucestershire UA","1112","NewServ","1322"
"South Gloucestershire UA","1112","NoNew","138"
"South Gloucestershire UA","1112","OtherSeq","121"
"South Gloucestershire UA","1112","Declined","30"
"South Tyneside","1112","NewServ","2013"
"South Tyneside","1112","NoNew","370"
"South Tyneside","1112","Declined","74"
"South Tyneside","1112","OtherSeq","0"
"Southampton UA","1112","NewServ","2532"
"Southampton UA","1112","NoNew","1099"
"Southampton UA","1112","Declined","0"
"Southampton UA","1112","OtherSeq","0"
"Southend-on-Sea UA","1112","NewServ","1705"
"Southend-on-Sea UA","1112","OtherSeq","327"
"Southend-on-Sea UA","1112","NoNew","66"
"Southend-on-Sea UA","1112","Declined","5"
"Southwark","1112","NewServ","1913"
"Southwark","1112","OtherSeq","1189"
"Southwark","1112","NoNew","365"
"Southwark","1112","Declined","58"
"St. Helens","1112","NewServ","1831"
"St. Helens","1112","NoNew","549"
"St. Helens","1112","Declined","88"
"St. Helens","1112","OtherSeq","0"
"Staffordshire","1112","NewServ","4894"
"Staffordshire","1112","OtherSeq","3159"
"Staffordshire","1112","NoNew","2421"
"Staffordshire","1112","Declined","317"
"Stockport","1112","NewServ","2370"
"Stockport","1112","NoNew","494"
"Stockport","1112","Declined","44"
"Stockport","1112","OtherSeq","0"
"Stockton-on-Tees UA","1112","NewServ","2436"
"Stockton-on-Tees UA","1112","OtherSeq","230"
"Stockton-on-Tees UA","1112","NoNew","111"
"Stockton-on-Tees UA","1112","Declined","47"
"Stoke-on-Trent UA","1112","NewServ","3419"
"Stoke-on-Trent UA","1112","NoNew","687"
"Stoke-on-Trent UA","1112","Declined","140"
"Stoke-on-Trent UA","1112","OtherSeq","50"
"Suffolk","1112","NewServ","4171"
"Suffolk","1112","NoNew","2301"
"Suffolk","1112","OtherSeq","1251"
"Suffolk","1112","Declined","197"
"Sunderland","1112","NewServ","2837"
"Sunderland","1112","OtherSeq","1391"
"Sunderland","1112","NoNew","756"
"Sunderland","1112","Declined","69"
"Surrey","1112","NewServ","7968"
"Surrey","1112","NoNew","1398"
"Surrey","1112","Declined","191"
"Surrey","1112","OtherSeq","0"
"Sutton","1112","NewServ","735"
"Sutton","1112","NoNew","115"
"Sutton","1112","OtherSeq","35"
"Sutton","1112","Declined","11"
"Swindon UA","1112","NewServ","2162"
"Swindon UA","1112","NoNew","1635"
"Swindon UA","1112","Declined","39"
"Swindon UA","1112","OtherSeq","35"
"Tameside","1112","NewServ","4445"
"Tameside","1112","NoNew","585"
"Tameside","1112","OtherSeq","548"
"Tameside","1112","Declined","161"
"Telford and the Wrekin UA","1112","NewServ","1548"
"Telford and the Wrekin UA","1112","OtherSeq","535"
"Telford and the Wrekin UA","1112","NoNew","279"
"Telford and the Wrekin UA","1112","Declined","56"
"Thurrock UA","1112","NewServ","689"
"Thurrock UA","1112","OtherSeq","7"
"Thurrock UA","1112","NoNew","2"
"Thurrock UA","1112","Declined","1"
"Torbay UA","1112","NewServ","1565"
"Torbay UA","1112","NoNew","419"
"Torbay UA","1112","Declined","51"
"Torbay UA","1112","OtherSeq","29"
"Tower Hamlets","1112","NewServ","1039"
"Tower Hamlets","1112","NoNew","258"
"Tower Hamlets","1112","OtherSeq","149"
"Tower Hamlets","1112","Declined","23"
"Trafford","1112","NewServ","3233"
"Trafford","1112","NoNew","580"
"Trafford","1112","OtherSeq","159"
"Trafford","1112","Declined","40"
"Wakefield","1112","OtherSeq","1026"
"Wakefield","1112","NewServ","988"
"Wakefield","1112","NoNew","651"
"Wakefield","1112","Declined","97"
"Walsall","1112","NewServ","2213"
"Walsall","1112","NoNew","317"
"Walsall","1112","OtherSeq","74"
"Walsall","1112","Declined","54"
"Waltham Forest","1112","NewServ","1205"
"Waltham Forest","1112","OtherSeq","202"
"Waltham Forest","1112","NoNew","67"
"Waltham Forest","1112","Declined","10"
"Wandsworth","1112","NewServ","1474"
"Wandsworth","1112","NoNew","61"
"Wandsworth","1112","OtherSeq","9"
"Wandsworth","1112","Declined","3"
"Warrington UA","1112","NewServ","1284"
"Warrington UA","1112","NoNew","717"
"Warrington UA","1112","OtherSeq","443"
"Warrington UA","1112","Declined","152"
"Warwickshire","1112","NewServ","1824"
"Warwickshire","1112","NoNew","1674"
"Warwickshire","1112","Declined","149"
"Warwickshire","1112","OtherSeq","0"
"West Berkshire UA","1112","NewServ","1442"
"West Berkshire UA","1112","NoNew","135"
"West Berkshire UA","1112","Declined","24"
"West Berkshire UA","1112","OtherSeq","23"
"West Sussex","1112","NewServ","5387"
"West Sussex","1112","NoNew","1433"
"West Sussex","1112","OtherSeq","316"
"West Sussex","1112","Declined","59"
"Westminster","1112","NewServ","1043"
"Westminster","1112","NoNew","993"
"Westminster","1112","Declined","70"
"Westminster","1112","OtherSeq","33"
"Wigan","1112","NewServ","1843"
"Wigan","1112","OtherSeq","611"
"Wigan","1112","NoNew","468"
"Wigan","1112","Declined","68"
"Wiltshire","1112","NewServ","5100"
"Wiltshire","1112","NoNew","5036"
"Wiltshire","1112","OtherSeq","687"
"Wiltshire","1112","Declined","0"
"Windsor and Maidenhead UA","1112","NewServ","697"
"Windsor and Maidenhead UA","1112","NoNew","173"
"Windsor and Maidenhead UA","1112","Declined","77"
"Windsor and Maidenhead UA","1112","OtherSeq","11"
"Wirral","1112","NewServ","2509"
"Wirral","1112","NoNew","794"
"Wirral","1112","OtherSeq","355"
"Wirral","1112","Declined","36"
"Wokingham UA","1112","NewServ","941"
"Wokingham UA","1112","NoNew","244"
"Wokingham UA","1112","Declined","9"
"Wokingham UA","1112","OtherSeq","0"
"Wolverhampton","1112","NewServ","1182"
"Wolverhampton","1112","NoNew","935"
"Wolverhampton","1112","Declined","0"
"Wolverhampton","1112","OtherSeq","0"
"Worcestershire","1112","NewServ","3136"
"Worcestershire","1112","OtherSeq","781"
"Worcestershire","1112","NoNew","586"
"Worcestershire","1112","Declined","0"
"York UA","1112","NewServ","1383"
"York UA","1112","NoNew","178"
"York UA","1112","Declined","15"
"York UA","1112","OtherSeq","15"
"Barking and Dagenham","1213","NewServ","500"
"Barking and Dagenham","1213","OtherSeq","310"
"Barking and Dagenham","1213","NoNew","130"
"Barking and Dagenham","1213","Declined","20"
"Barnet","1213","NewServ","1945"
"Barnet","1213","NoNew","245"
"Barnet","1213","OtherSeq","230"
"Barnet","1213","Declined","35"
"Barnsley","1213","NewServ","1405"
"Barnsley","1213","NoNew","200"
"Barnsley","1213","Declined","70"
"Barnsley","1213","OtherSeq","20"
"Bath and North East Somerset","1213","NewServ","1670"
"Bath and North East Somerset","1213","NoNew","1435"
"Bath and North East Somerset","1213","Declined","15"
"Bath and North East Somerset","1213","OtherSeq","0"
"Bedford","1213","NewServ","850"
"Bedford","1213","NoNew","600"
"Bedford","1213","Declined","0"
"Bedford","1213","OtherSeq","0"
"Bexley","1213","NewServ","2010"
"Bexley","1213","NoNew","1030"
"Bexley","1213","Declined","10"
"Bexley","1213","OtherSeq","10"
"Birmingham","1213","NewServ","10790"
"Birmingham","1213","NoNew","4360"
"Birmingham","1213","Declined","305"
"Birmingham","1213","OtherSeq","0"
"Blackburn with Darwen","1213","NoNew","780"
"Blackburn with Darwen","1213","NewServ","775"
"Blackburn with Darwen","1213","Declined","110"
"Blackburn with Darwen","1213","OtherSeq","0"
"Blackpool","1213","NewServ","890"
"Blackpool","1213","NoNew","255"
"Blackpool","1213","Declined","35"
"Blackpool","1213","OtherSeq","0"
"Bolton","1213","NewServ","1440"
"Bolton","1213","NoNew","320"
"Bolton","1213","Declined","215"
"Bolton","1213","OtherSeq","140"
"Bournemouth","1213","NewServ","1725"
"Bournemouth","1213","NoNew","480"
"Bournemouth","1213","OtherSeq","125"
"Bournemouth","1213","Declined","15"
"Bracknell Forest","1213","NewServ","1015"
"Bracknell Forest","1213","NoNew","275"
"Bracknell Forest","1213","Declined","5"
"Bracknell Forest","1213","OtherSeq","0"
"Bradford","1213","NewServ","2715"
"Bradford","1213","NoNew","230"
"Bradford","1213","OtherSeq","90"
"Bradford","1213","Declined","45"
"Brent","1213","NoNew","0"
"Brent","1213","Declined","0"
"Brent","1213","OtherSeq","0"
"Brent","1213","NewServ","0"
"Brighton and Hove","1213","NewServ","1545"
"Brighton and Hove","1213","NoNew","295"
"Brighton and Hove","1213","Declined","30"
"Brighton and Hove","1213","OtherSeq","20"
"Bristol","1213","NewServ","2005"
"Bristol","1213","NoNew","465"
"Bristol","1213","OtherSeq","330"
"Bristol","1213","Declined","40"
"Bromley","1213","NewServ","1625"
"Bromley","1213","NoNew","1200"
"Bromley","1213","OtherSeq","1110"
"Bromley","1213","Declined","0"
"Buckinghamshire","1213","NewServ","1820"
"Buckinghamshire","1213","NoNew","200"
"Buckinghamshire","1213","Declined","90"
"Buckinghamshire","1213","OtherSeq","15"
"Bury","1213","NewServ","1460"
"Bury","1213","OtherSeq","845"
"Bury","1213","NoNew","540"
"Bury","1213","Declined","195"
"Calderdale","1213","NewServ","980"
"Calderdale","1213","NoNew","185"
"Calderdale","1213","OtherSeq","25"
"Calderdale","1213","Declined","5"
"Cambridgeshire","1213","NewServ","4605"
"Cambridgeshire","1213","NoNew","185"
"Cambridgeshire","1213","Declined","30"
"Cambridgeshire","1213","OtherSeq","0"
"Camden","1213","NewServ","1915"
"Camden","1213","NoNew","880"
"Camden","1213","Declined","80"
"Camden","1213","OtherSeq","5"
"Central Bedfordshire","1213","NoNew","1190"
"Central Bedfordshire","1213","NewServ","1080"
"Central Bedfordshire","1213","OtherSeq","0"
"Central Bedfordshire","1213","Declined","0"
"Cheshire East","1213","NewServ","3035"
"Cheshire East","1213","NoNew","1880"
"Cheshire East","1213","OtherSeq","60"
"Cheshire East","1213","Declined","40"
"Cheshire West and Chester","1213","NewServ","2465"
"Cheshire West and Chester","1213","OtherSeq","400"
"Cheshire West and Chester","1213","NoNew","205"
"Cheshire West and Chester","1213","Declined","35"
"City of London","1213","NewServ","40"
"City of London","1213","NoNew","20"
"City of London","1213","OtherSeq","5"
"City of London","1213","Declined","0"
"Cornwall","1213","NewServ","7480"
"Cornwall","1213","NoNew","3600"
"Cornwall","1213","OtherSeq","390"
"Cornwall","1213","Declined","25"
"Coventry","1213","NoNew","2820"
"Coventry","1213","NewServ","1855"
"Coventry","1213","Declined","15"
"Coventry","1213","OtherSeq","5"
"Croydon","1213","NewServ","1945"
"Croydon","1213","NoNew","60"
"Croydon","1213","Declined","10"
"Croydon","1213","OtherSeq","0"
"Cumbria","1213","NewServ","4390"
"Cumbria","1213","OtherSeq","805"
"Cumbria","1213","NoNew","795"
"Cumbria","1213","Declined","30"
"Darlington","1213","NewServ","1045"
"Darlington","1213","NoNew","210"
"Darlington","1213","OtherSeq","205"
"Darlington","1213","Declined","25"
"Derby","1213","NewServ","1770"
"Derby","1213","OtherSeq","670"
"Derby","1213","NoNew","370"
"Derby","1213","Declined","15"
"Derbyshire","1213","NewServ","4785"
"Derbyshire","1213","OtherSeq","685"
"Derbyshire","1213","NoNew","430"
"Derbyshire","1213","Declined","140"
"Devon","1213","NewServ","9430"
"Devon","1213","NoNew","5625"
"Devon","1213","Declined","0"
"Devon","1213","OtherSeq","0"
"Doncaster","1213","NewServ","1695"
"Doncaster","1213","NoNew","520"
"Doncaster","1213","OtherSeq","380"
"Doncaster","1213","Declined","60"
"Dorset","1213","NewServ","2265"
"Dorset","1213","NoNew","1510"
"Dorset","1213","OtherSeq","565"
"Dorset","1213","Declined","65"
"Dudley","1213","NewServ","610"
"Dudley","1213","OtherSeq","220"
"Dudley","1213","NoNew","155"
"Dudley","1213","Declined","10"
"Durham","1213","NewServ","5265"
"Durham","1213","NoNew","2920"
"Durham","1213","Declined","160"
"Durham","1213","OtherSeq","70"
"Ealing","1213","NewServ","2610"
"Ealing","1213","NoNew","100"
"Ealing","1213","Declined","70"
"Ealing","1213","OtherSeq","65"
"East Riding of Yorkshire","1213","NewServ","3170"
"East Riding of Yorkshire","1213","NoNew","575"
"East Riding of Yorkshire","1213","OtherSeq","185"
"East Riding of Yorkshire","1213","Declined","5"
"East Sussex","1213","NewServ","4825"
"East Sussex","1213","NoNew","1510"
"East Sussex","1213","OtherSeq","1230"
"East Sussex","1213","Declined","325"
"Enfield","1213","NewServ","2335"
"Enfield","1213","NoNew","50"
"Enfield","1213","Declined","30"
"Enfield","1213","OtherSeq","5"
"Essex","1213","NewServ","15515"
"Essex","1213","NoNew","1655"
"Essex","1213","Declined","350"
"Essex","1213","OtherSeq","145"
"Gateshead","1213","NewServ","1635"
"Gateshead","1213","NoNew","545"
"Gateshead","1213","Declined","45"
"Gateshead","1213","OtherSeq","0"
"Gloucestershire","1213","NoNew","5565"
"Gloucestershire","1213","NewServ","2230"
"Gloucestershire","1213","OtherSeq","205"
"Gloucestershire","1213","Declined","195"
"Greenwich","1213","NewServ","2130"
"Greenwich","1213","OtherSeq","330"
"Greenwich","1213","NoNew","195"
"Greenwich","1213","Declined","80"
"Hackney","1213","NewServ","920"
"Hackney","1213","NoNew","500"
"Hackney","1213","Declined","65"
"Hackney","1213","OtherSeq","50"
"Halton","1213","NewServ","1085"
"Halton","1213","NoNew","320"
"Halton","1213","OtherSeq","40"
"Halton","1213","Declined","20"
"Hammersmith and Fulham","1213","NewServ","1090"
"Hammersmith and Fulham","1213","NoNew","370"
"Hammersmith and Fulham","1213","Declined","0"
"Hammersmith and Fulham","1213","OtherSeq","0"
"Hampshire","1213","NewServ","24260"
"Hampshire","1213","NoNew","3045"
"Hampshire","1213","OtherSeq","710"
"Hampshire","1213","Declined","505"
"Haringey","1213","NewServ","1375"
"Haringey","1213","NoNew","150"
"Haringey","1213","Declined","10"
"Haringey","1213","OtherSeq","0"
"Harrow","1213","NewServ","1030"
"Harrow","1213","NoNew","495"
"Harrow","1213","Declined","15"
"Harrow","1213","OtherSeq","5"
"Hartlepool","1213","NewServ","1210"
"Hartlepool","1213","NoNew","210"
"Hartlepool","1213","OtherSeq","0"
"Hartlepool","1213","Declined","0"
"Havering","1213","NewServ","2705"
"Havering","1213","NoNew","270"
"Havering","1213","OtherSeq","145"
"Havering","1213","Declined","55"
"Herefordshire","1213","NewServ","730"
"Herefordshire","1213","OtherSeq","200"
"Herefordshire","1213","NoNew","175"
"Herefordshire","1213","Declined","0"
"Hertfordshire","1213","NewServ","10730"
"Hertfordshire","1213","NoNew","2420"
"Hertfordshire","1213","Declined","90"
"Hertfordshire","1213","OtherSeq","40"
"Hillingdon","1213","NewServ","1975"
"Hillingdon","1213","OtherSeq","465"
"Hillingdon","1213","Declined","10"
"Hillingdon","1213","NoNew","5"
"Hounslow","1213","NewServ","970"
"Hounslow","1213","OtherSeq","120"
"Hounslow","1213","NoNew","75"
"Hounslow","1213","Declined","30"
"Isle of Wight","1213","NewServ","550"
"Isle of Wight","1213","OtherSeq","270"
"Isle of Wight","1213","NoNew","60"
"Isle of Wight","1213","Declined","25"
"Isles of Scilly","1213","NewServ","15"
"Isles of Scilly","1213","OtherSeq","0"
"Isles of Scilly","1213","NoNew","0"
"Isles of Scilly","1213","Declined","0"
"Islington","1213","NewServ","1145"
"Islington","1213","OtherSeq","875"
"Islington","1213","NoNew","710"
"Islington","1213","Declined","80"
"Kensington and Chelsea","1213","NewServ","1470"
"Kensington and Chelsea","1213","NoNew","485"
"Kensington and Chelsea","1213","Declined","0"
"Kensington and Chelsea","1213","OtherSeq","0"
"Kent","1213","NewServ","17385"
"Kent","1213","OtherSeq","6695"
"Kent","1213","NoNew","3020"
"Kent","1213","Declined","760"
"Kingston upon Hull","1213","NewServ","2130"
"Kingston upon Hull","1213","NoNew","855"
"Kingston upon Hull","1213","Declined","130"
"Kingston upon Hull","1213","OtherSeq","40"
"Kingston upon Thames","1213","NewServ","610"
"Kingston upon Thames","1213","NoNew","155"
"Kingston upon Thames","1213","Declined","25"
"Kingston upon Thames","1213","OtherSeq","0"
"Kirklees","1213","NewServ","2730"
"Kirklees","1213","OtherSeq","505"
"Kirklees","1213","NoNew","230"
"Kirklees","1213","Declined","55"
"Knowsley","1213","NoNew","1240"
"Knowsley","1213","NewServ","1075"
"Knowsley","1213","Declined","25"
"Knowsley","1213","OtherSeq","0"
"Lambeth","1213","NewServ","2250"
"Lambeth","1213","OtherSeq","615"
"Lambeth","1213","NoNew","355"
"Lambeth","1213","Declined","0"
"Lancashire","1213","NewServ","5705"
"Lancashire","1213","OtherSeq","1040"
"Lancashire","1213","NoNew","1005"
"Lancashire","1213","Declined","100"
"Leeds","1213","NewServ","5025"
"Leeds","1213","NoNew","2425"
"Leeds","1213","OtherSeq","65"
"Leeds","1213","Declined","25"
"Leicester","1213","NewServ","3050"
"Leicester","1213","NoNew","715"
"Leicester","1213","Declined","140"
"Leicester","1213","OtherSeq","0"
"Leicestershire","1213","NewServ","5505"
"Leicestershire","1213","NoNew","630"
"Leicestershire","1213","Declined","65"
"Leicestershire","1213","OtherSeq","65"
"Lewisham","1213","NewServ","935"
"Lewisham","1213","NoNew","920"
"Lewisham","1213","Declined","5"
"Lewisham","1213","OtherSeq","5"
"Lincolnshire","1213","NewServ","5505"
"Lincolnshire","1213","NoNew","3045"
"Lincolnshire","1213","OtherSeq","1800"
"Lincolnshire","1213","Declined","70"
"Liverpool","1213","NewServ","4175"
"Liverpool","1213","OtherSeq","1785"
"Liverpool","1213","NoNew","745"
"Liverpool","1213","Declined","150"
"Luton","1213","OtherSeq","1420"
"Luton","1213","NewServ","730"
"Luton","1213","Declined","245"
"Luton","1213","NoNew","210"
"Manchester","1213","NewServ","5585"
"Manchester","1213","NoNew","3190"
"Manchester","1213","OtherSeq","105"
"Manchester","1213","Declined","50"
"Medway Towns","1213","NewServ","2305"
"Medway Towns","1213","NoNew","605"
"Medway Towns","1213","Declined","50"
"Medway Towns","1213","OtherSeq","0"
"Merton","1213","NewServ","1180"
"Merton","1213","NoNew","275"
"Merton","1213","Declined","5"
"Merton","1213","OtherSeq","0"
"Middlesbrough","1213","NewServ","910"
"Middlesbrough","1213","NoNew","710"
"Middlesbrough","1213","Declined","60"
"Middlesbrough","1213","OtherSeq","30"
"Milton Keynes","1213","NewServ","1010"
"Milton Keynes","1213","NoNew","585"
"Milton Keynes","1213","OtherSeq","190"
"Milton Keynes","1213","Declined","5"
"Newcastle upon Tyne","1213","NewServ","2320"
"Newcastle upon Tyne","1213","NoNew","100"
"Newcastle upon Tyne","1213","OtherSeq","55"
"Newcastle upon Tyne","1213","Declined","45"
"Newham","1213","NoNew","1895"
"Newham","1213","NewServ","1330"
"Newham","1213","OtherSeq","535"
"Newham","1213","Declined","410"
"Norfolk","1213","NewServ","8365"
"Norfolk","1213","NoNew","7195"
"Norfolk","1213","Declined","145"
"Norfolk","1213","OtherSeq","35"
"North East Lincolnshire","1213","NewServ","350"
"North East Lincolnshire","1213","NoNew","110"
"North East Lincolnshire","1213","OtherSeq","110"
"North East Lincolnshire","1213","Declined","10"
"North Lincolnshire","1213","NewServ","1335"
"North Lincolnshire","1213","NoNew","460"
"North Lincolnshire","1213","OtherSeq","230"
"North Lincolnshire","1213","Declined","60"
"North Somerset","1213","NoNew","1940"
"North Somerset","1213","NewServ","845"
"North Somerset","1213","Declined","170"
"North Somerset","1213","OtherSeq","75"
"North Tyneside","1213","NewServ","1010"
"North Tyneside","1213","NoNew","205"
"North Tyneside","1213","Declined","50"
"North Tyneside","1213","OtherSeq","0"
"North Yorkshire","1213","NewServ","5075"
"North Yorkshire","1213","OtherSeq","330"
"North Yorkshire","1213","NoNew","320"
"North Yorkshire","1213","Declined","40"
"Northamptonshire","1213","NewServ","7205"
"Northamptonshire","1213","NoNew","840"
"Northamptonshire","1213","OtherSeq","365"
"Northamptonshire","1213","Declined","155"
"Northumberland","1213","NoNew","3160"
"Northumberland","1213","NewServ","1180"
"Northumberland","1213","OtherSeq","115"
"Northumberland","1213","Declined","0"
"Nottingham","1213","NewServ","3250"
"Nottingham","1213","NoNew","240"
"Nottingham","1213","Declined","135"
"Nottingham","1213","OtherSeq","50"
"Nottinghamshire","1213","NewServ","5610"
"Nottinghamshire","1213","NoNew","1575"
"Nottinghamshire","1213","OtherSeq","70"
"Nottinghamshire","1213","Declined","0"
"Oldham","1213","NewServ","955"
"Oldham","1213","OtherSeq","515"
"Oldham","1213","NoNew","260"
"Oldham","1213","Declined","0"
"Oxfordshire","1213","NoNew","4095"
"Oxfordshire","1213","NewServ","2675"
"Oxfordshire","1213","OtherSeq","420"
"Oxfordshire","1213","Declined","20"
"Peterborough","1213","NewServ","1465"
"Peterborough","1213","NoNew","460"
"Peterborough","1213","OtherSeq","185"
"Peterborough","1213","Declined","60"
"Plymouth","1213","NewServ","1210"
"Plymouth","1213","NoNew","795"
"Plymouth","1213","OtherSeq","75"
"Plymouth","1213","Declined","0"
"Poole","1213","NewServ","1265"
"Poole","1213","NoNew","380"
"Poole","1213","Declined","140"
"Poole","1213","OtherSeq","55"
"Portsmouth","1213","NewServ","1855"
"Portsmouth","1213","OtherSeq","1085"
"Portsmouth","1213","NoNew","210"
"Portsmouth","1213","Declined","40"
"Reading","1213","NewServ","1450"
"Reading","1213","NoNew","225"
"Reading","1213","OtherSeq","25"
"Reading","1213","Declined","15"
"Redbridge","1213","NewServ","2350"
"Redbridge","1213","NoNew","235"
"Redbridge","1213","Declined","55"
"Redbridge","1213","OtherSeq","25"
"Redcar and Cleveland","1213","NewServ","1205"
"Redcar and Cleveland","1213","NoNew","315"
"Redcar and Cleveland","1213","Declined","70"
"Redcar and Cleveland","1213","OtherSeq","20"
"Richmond upon Thames","1213","NewServ","495"
"Richmond upon Thames","1213","OtherSeq","130"
"Richmond upon Thames","1213","NoNew","5"
"Richmond upon Thames","1213","Declined","0"
"Rochdale","1213","NewServ","1910"
"Rochdale","1213","NoNew","285"
"Rochdale","1213","OtherSeq","200"
"Rochdale","1213","Declined","15"
"Rotherham","1213","NewServ","2515"
"Rotherham","1213","NoNew","1925"
"Rotherham","1213","OtherSeq","195"
"Rotherham","1213","Declined","55"
"Rutland","1213","NewServ","305"
"Rutland","1213","OtherSeq","175"
"Rutland","1213","NoNew","90"
"Rutland","1213","Declined","0"
"Salford","1213","NewServ","1575"
"Salford","1213","NoNew","700"
"Salford","1213","OtherSeq","175"
"Salford","1213","Declined","85"
"Sandwell","1213","NewServ","1245"
"Sandwell","1213","NoNew","180"
"Sandwell","1213","OtherSeq","65"
"Sandwell","1213","Declined","15"
"Sefton","1213","NewServ","2395"
"Sefton","1213","NoNew","230"
"Sefton","1213","Declined","40"
"Sefton","1213","OtherSeq","10"
"Sheffield","1213","NewServ","3780"
"Sheffield","1213","NoNew","1150"
"Sheffield","1213","Declined","405"
"Sheffield","1213","OtherSeq","130"
"Shropshire","1213","NoNew","1230"
"Shropshire","1213","NewServ","1140"
"Shropshire","1213","Declined","40"
"Shropshire","1213","OtherSeq","0"
"Slough","1213","NewServ","1065"
"Slough","1213","NoNew","285"
"Slough","1213","OtherSeq","55"
"Slough","1213","Declined","5"
"Solihull","1213","NewServ","1375"
"Solihull","1213","NoNew","205"
"Solihull","1213","OtherSeq","195"
"Solihull","1213","Declined","185"
"Somerset","1213","NewServ","3220"
"Somerset","1213","NoNew","1345"
"Somerset","1213","OtherSeq","145"
"Somerset","1213","Declined","135"
"South Gloucestershire","1213","NewServ","1565"
"South Gloucestershire","1213","OtherSeq","285"
"South Gloucestershire","1213","NoNew","225"
"South Gloucestershire","1213","Declined","20"
"South Tyneside","1213","NewServ","1830"
"South Tyneside","1213","NoNew","405"
"South Tyneside","1213","Declined","80"
"South Tyneside","1213","OtherSeq","10"
"Southampton","1213","NewServ","2660"
"Southampton","1213","NoNew","1095"
"Southampton","1213","OtherSeq","140"
"Southampton","1213","Declined","0"
"Southend-on-Sea","1213","NewServ","1780"
"Southend-on-Sea","1213","OtherSeq","410"
"Southend-on-Sea","1213","NoNew","85"
"Southend-on-Sea","1213","Declined","10"
"Southwark","1213","NewServ","2105"
"Southwark","1213","OtherSeq","1250"
"Southwark","1213","NoNew","735"
"Southwark","1213","Declined","50"
"St. Helens","1213","NewServ","2560"
"St. Helens","1213","OtherSeq","175"
"St. Helens","1213","NoNew","120"
"St. Helens","1213","Declined","50"
"Staffordshire","1213","NewServ","4470"
"Staffordshire","1213","OtherSeq","2890"
"Staffordshire","1213","NoNew","2695"
"Staffordshire","1213","Declined","345"
"Stockport","1213","NewServ","2590"
"Stockport","1213","NoNew","475"
"Stockport","1213","Declined","50"
"Stockport","1213","OtherSeq","0"
"Stockton-on-Tees","1213","NewServ","1830"
"Stockton-on-Tees","1213","OtherSeq","310"
"Stockton-on-Tees","1213","NoNew","260"
"Stockton-on-Tees","1213","Declined","70"
"Stoke-on-Trent","1213","NewServ","3215"
"Stoke-on-Trent","1213","NoNew","955"
"Stoke-on-Trent","1213","OtherSeq","135"
"Stoke-on-Trent","1213","Declined","5"
"Suffolk","1213","NewServ","3080"
"Suffolk","1213","NoNew","750"
"Suffolk","1213","OtherSeq","520"
"Suffolk","1213","Declined","135"
"Sunderland","1213","NewServ","2495"
"Sunderland","1213","NoNew","990"
"Sunderland","1213","OtherSeq","265"
"Sunderland","1213","Declined","95"
"Surrey","1213","NewServ","5260"
"Surrey","1213","NoNew","1400"
"Surrey","1213","OtherSeq","855"
"Surrey","1213","Declined","145"
"Sutton","1213","NewServ","1545"
"Sutton","1213","NoNew","635"
"Sutton","1213","OtherSeq","40"
"Sutton","1213","Declined","0"
"Swindon","1213","NoNew","2165"
"Swindon","1213","NewServ","1925"
"Swindon","1213","Declined","40"
"Swindon","1213","OtherSeq","20"
"Tameside","1213","NewServ","4190"
"Tameside","1213","NoNew","955"
"Tameside","1213","OtherSeq","210"
"Tameside","1213","Declined","195"
"Telford and the Wrekin","1213","NewServ","1660"
"Telford and the Wrekin","1213","OtherSeq","680"
"Telford and the Wrekin","1213","NoNew","360"
"Telford and the Wrekin","1213","Declined","50"
"Thurrock","1213","NewServ","470"
"Thurrock","1213","OtherSeq","450"
"Thurrock","1213","NoNew","0"
"Thurrock","1213","Declined","0"
"Torbay","1213","NewServ","1445"
"Torbay","1213","OtherSeq","375"
"Torbay","1213","NoNew","265"
"Torbay","1213","Declined","50"
"Tower Hamlets","1213","NewServ","1940"
"Tower Hamlets","1213","NoNew","190"
"Tower Hamlets","1213","OtherSeq","100"
"Tower Hamlets","1213","Declined","15"
"Trafford","1213","NewServ","1420"
"Trafford","1213","NoNew","465"
"Trafford","1213","OtherSeq","220"
"Trafford","1213","Declined","45"
"Wakefield","1213","NewServ","880"
"Wakefield","1213","NoNew","700"
"Wakefield","1213","OtherSeq","670"
"Wakefield","1213","Declined","85"
"Walsall","1213","NoNew","0"
"Walsall","1213","Declined","0"
"Walsall","1213","OtherSeq","0"
"Walsall","1213","NewServ","0"
"Waltham Forest","1213","NewServ","1450"
"Waltham Forest","1213","NoNew","20"
"Waltham Forest","1213","OtherSeq","10"
"Waltham Forest","1213","Declined","5"
"Wandsworth","1213","NewServ","1210"
"Wandsworth","1213","NoNew","135"
"Wandsworth","1213","OtherSeq","0"
"Wandsworth","1213","Declined","0"
"Warrington","1213","NewServ","1135"
"Warrington","1213","NoNew","600"
"Warrington","1213","OtherSeq","305"
"Warrington","1213","Declined","85"
"Warwickshire","1213","NoNew","2745"
"Warwickshire","1213","NewServ","2630"
"Warwickshire","1213","Declined","100"
"Warwickshire","1213","OtherSeq","0"
"West Berkshire","1213","NewServ","850"
"West Berkshire","1213","NoNew","95"
"West Berkshire","1213","OtherSeq","25"
"West Berkshire","1213","Declined","15"
"West Sussex","1213","NewServ","5630"
"West Sussex","1213","NoNew","90"
"West Sussex","1213","OtherSeq","35"
"West Sussex","1213","Declined","25"
"Westminster","1213","NoNew","1085"
"Westminster","1213","NewServ","970"
"Westminster","1213","OtherSeq","90"
"Westminster","1213","Declined","40"
"Wigan","1213","NewServ","1760"
"Wigan","1213","NoNew","1070"
"Wigan","1213","OtherSeq","165"
"Wigan","1213","Declined","70"
"Wiltshire","1213","NewServ","4890"
"Wiltshire","1213","NoNew","4295"
"Wiltshire","1213","OtherSeq","120"
"Wiltshire","1213","Declined","0"
"Windsor and Maidenhead","1213","NewServ","680"
"Windsor and Maidenhead","1213","Declined","50"
"Windsor and Maidenhead","1213","NoNew","30"
"Windsor and Maidenhead","1213","OtherSeq","0"
"Wirral","1213","NewServ","2220"
"Wirral","1213","NoNew","445"
"Wirral","1213","OtherSeq","215"
"Wirral","1213","Declined","40"
"Wokingham","1213","NewServ","640"
"Wokingham","1213","NoNew","90"
"Wokingham","1213","Declined","5"
"Wokingham","1213","OtherSeq","0"
"Wolverhampton","1213","NoNew","1655"
"Wolverhampton","1213","NewServ","1125"
"Wolverhampton","1213","Declined","0"
"Wolverhampton","1213","OtherSeq","0"
"Worcestershire","1213","NewServ","3405"
"Worcestershire","1213","NoNew","1275"
"Worcestershire","1213","OtherSeq","1055"
"Worcestershire","1213","Declined","0"
"York","1213","NewServ","1420"
"York","1213","NoNew","165"
"York","1213","OtherSeq","10"
"York","1213","Declined","5"
"Barking and Dagenham","1314","NewServ","415"
"Barking and Dagenham","1314","OtherSeq","310"
"Barking and Dagenham","1314","NoNew","215"
"Barking and Dagenham","1314","Declined","30"
"Barnet","1314","NewServ","1875"
"Barnet","1314","NoNew","280"
"Barnet","1314","OtherSeq","200"
"Barnet","1314","Declined","95"
"Barnsley","1314","NewServ","1695"
"Barnsley","1314","NoNew","205"
"Barnsley","1314","Declined","70"
"Barnsley","1314","OtherSeq","20"
"Bath and North East Somerset","1314","NoNew","1280"
"Bath and North East Somerset","1314","NewServ","1255"
"Bath and North East Somerset","1314","OtherSeq","415"
"Bath and North East Somerset","1314","Declined","25"
"Bedford","1314","NewServ","845"
"Bedford","1314","NoNew","675"
"Bedford","1314","OtherSeq","0"
"Bedford","1314","Declined","0"
"Bexley","1314","NewServ","2240"
"Bexley","1314","NoNew","805"
"Bexley","1314","OtherSeq","525"
"Bexley","1314","Declined","265"
"Birmingham","1314","NewServ","11230"
"Birmingham","1314","NoNew","5450"
"Birmingham","1314","Declined","330"
"Birmingham","1314","OtherSeq","0"
"Blackburn with Darwen","1314","NoNew","850"
"Blackburn with Darwen","1314","NewServ","705"
"Blackburn with Darwen","1314","Declined","125"
"Blackburn with Darwen","1314","OtherSeq","0"
"Blackpool","1314","NewServ","920"
"Blackpool","1314","NoNew","315"
"Blackpool","1314","Declined","45"
"Blackpool","1314","OtherSeq","0"
"Bolton","1314","NewServ","1865"
"Bolton","1314","NoNew","300"
"Bolton","1314","Declined","245"
"Bolton","1314","OtherSeq","140"
"Bournemouth","1314","NewServ","1550"
"Bournemouth","1314","NoNew","340"
"Bournemouth","1314","OtherSeq","115"
"Bournemouth","1314","Declined","20"
"Bracknell Forest","1314","NewServ","460"
"Bracknell Forest","1314","NoNew","140"
"Bracknell Forest","1314","OtherSeq","75"
"Bracknell Forest","1314","Declined","10"
"Bradford","1314","NewServ","3730"
"Bradford","1314","NoNew","720"
"Bradford","1314","Declined","60"
"Bradford","1314","OtherSeq","20"
"Brent","1314","NewServ","310"
"Brent","1314","OtherSeq","15"
"Brent","1314","NoNew","0"
"Brent","1314","Declined","0"
"Brighton and Hove","1314","NewServ","1410"
"Brighton and Hove","1314","NoNew","290"
"Brighton and Hove","1314","Declined","50"
"Brighton and Hove","1314","OtherSeq","45"
"Bristol","1314","NewServ","2180"
"Bristol","1314","NoNew","1230"
"Bristol","1314","OtherSeq","115"
"Bristol","1314","Declined","70"
"Bromley","1314","OtherSeq","2075"
"Bromley","1314","NoNew","1405"
"Bromley","1314","NewServ","975"
"Bromley","1314","Declined","0"
"Buckinghamshire","1314","NewServ","1630"
"Buckinghamshire","1314","NoNew","185"
"Buckinghamshire","1314","Declined","20"
"Buckinghamshire","1314","OtherSeq","10"
"Bury","1314","NewServ","1370"
"Bury","1314","NoNew","655"
"Bury","1314","OtherSeq","525"
"Bury","1314","Declined","175"
"Calderdale","1314","NewServ","1220"
"Calderdale","1314","OtherSeq","220"
"Calderdale","1314","NoNew","100"
"Calderdale","1314","Declined","15"
"Cambridgeshire","1314","NewServ","4710"
"Cambridgeshire","1314","NoNew","250"
"Cambridgeshire","1314","Declined","40"
"Cambridgeshire","1314","OtherSeq","0"
"Camden","1314","NewServ","1595"
"Camden","1314","NoNew","960"
"Camden","1314","Declined","70"
"Camden","1314","OtherSeq","10"
"Central Bedfordshire","1314","NoNew","995"
"Central Bedfordshire","1314","NewServ","930"
"Central Bedfordshire","1314","OtherSeq","0"
"Central Bedfordshire","1314","Declined","0"
"Cheshire East","1314","NewServ","2865"
"Cheshire East","1314","NoNew","1870"
"Cheshire East","1314","OtherSeq","55"
"Cheshire East","1314","Declined","30"
"Cheshire West and Chester","1314","NewServ","2975"
"Cheshire West and Chester","1314","NoNew","210"
"Cheshire West and Chester","1314","Declined","60"
"Cheshire West and Chester","1314","OtherSeq","50"
"City of London","1314","NewServ","20"
"City of London","1314","Declined","5"
"City of London","1314","NoNew","5"
"City of London","1314","OtherSeq","0"
"Cornwall","1314","NewServ","7495"
"Cornwall","1314","NoNew","4150"
"Cornwall","1314","OtherSeq","125"
"Cornwall","1314","Declined","0"
"Coventry","1314","NoNew","3275"
"Coventry","1314","NewServ","1535"
"Coventry","1314","Declined","15"
"Coventry","1314","OtherSeq","10"
"Croydon","1314","NewServ","1235"
"Croydon","1314","OtherSeq","405"
"Croydon","1314","NoNew","55"
"Croydon","1314","Declined","50"
"Cumbria","1314","NewServ","4460"
"Cumbria","1314","NoNew","595"
"Cumbria","1314","OtherSeq","465"
"Cumbria","1314","Declined","25"
"Darlington","1314","NewServ","1190"
"Darlington","1314","OtherSeq","215"
"Darlington","1314","NoNew","190"
"Darlington","1314","Declined","30"
"Derby","1314","NewServ","1895"
"Derby","1314","OtherSeq","490"
"Derby","1314","NoNew","480"
"Derby","1314","Declined","15"
"Derbyshire","1314","NewServ","3255"
"Derbyshire","1314","OtherSeq","530"
"Derbyshire","1314","NoNew","355"
"Derbyshire","1314","Declined","145"
"Devon","1314","NewServ","9250"
"Devon","1314","NoNew","5475"
"Devon","1314","Declined","0"
"Devon","1314","OtherSeq","0"
"Doncaster","1314","NewServ","1805"
"Doncaster","1314","NoNew","585"
"Doncaster","1314","OtherSeq","440"
"Doncaster","1314","Declined","50"
"Dorset","1314","NewServ","2460"
"Dorset","1314","NoNew","845"
"Dorset","1314","OtherSeq","745"
"Dorset","1314","Declined","35"
"Dudley","1314","NewServ","710"
"Dudley","1314","NoNew","170"
"Dudley","1314","Declined","20"
"Dudley","1314","OtherSeq","10"
"Durham","1314","NewServ","5890"
"Durham","1314","NoNew","3105"
"Durham","1314","OtherSeq","180"
"Durham","1314","Declined","165"
"Ealing","1314","NewServ","2280"
"Ealing","1314","NoNew","470"
"Ealing","1314","Declined","105"
"Ealing","1314","OtherSeq","15"
"East Riding of Yorkshire","1314","NewServ","3445"
"East Riding of Yorkshire","1314","NoNew","510"
"East Riding of Yorkshire","1314","OtherSeq","350"
"East Riding of Yorkshire","1314","Declined","0"
"East Sussex","1314","NewServ","4725"
"East Sussex","1314","OtherSeq","1595"
"East Sussex","1314","NoNew","775"
"East Sussex","1314","Declined","245"
"Enfield","1314","NewServ","2295"
"Enfield","1314","NoNew","195"
"Enfield","1314","OtherSeq","80"
"Enfield","1314","Declined","15"
"Essex","1314","NewServ","15050"
"Essex","1314","NoNew","1905"
"Essex","1314","Declined","220"
"Essex","1314","OtherSeq","160"
"Gateshead","1314","NewServ","1800"
"Gateshead","1314","NoNew","615"
"Gateshead","1314","Declined","60"
"Gateshead","1314","OtherSeq","0"
"Gloucestershire","1314","NoNew","6230"
"Gloucestershire","1314","NewServ","2235"
"Gloucestershire","1314","OtherSeq","190"
"Gloucestershire","1314","Declined","165"
"Greenwich","1314","NewServ","2135"
"Greenwich","1314","NoNew","330"
"Greenwich","1314","OtherSeq","230"
"Greenwich","1314","Declined","50"
"Hackney","1314","NewServ","1245"
"Hackney","1314","NoNew","395"
"Hackney","1314","OtherSeq","40"
"Hackney","1314","Declined","35"
"Halton","1314","NewServ","1145"
"Halton","1314","NoNew","225"
"Halton","1314","OtherSeq","45"
"Halton","1314","Declined","20"
"Hammersmith and Fulham","1314","NewServ","755"
"Hammersmith and Fulham","1314","NoNew","275"
"Hammersmith and Fulham","1314","Declined","30"
"Hammersmith and Fulham","1314","OtherSeq","5"
"Hampshire","1314","NewServ","10425"
"Hampshire","1314","NoNew","8570"
"Hampshire","1314","OtherSeq","235"
"Hampshire","1314","Declined","130"
"Haringey","1314","NewServ","1245"
"Haringey","1314","NoNew","215"
"Haringey","1314","OtherSeq","55"
"Haringey","1314","Declined","0"
"Harrow","1314","NewServ","1015"
"Harrow","1314","NoNew","435"
"Harrow","1314","Declined","30"
"Harrow","1314","OtherSeq","10"
"Hartlepool","1314","NewServ","1295"
"Hartlepool","1314","NoNew","240"
"Hartlepool","1314","OtherSeq","0"
"Hartlepool","1314","Declined","0"
"Havering","1314","NewServ","2960"
"Havering","1314","NoNew","560"
"Havering","1314","OtherSeq","155"
"Havering","1314","Declined","110"
"Herefordshire","1314","NewServ","860"
"Herefordshire","1314","NoNew","150"
"Herefordshire","1314","OtherSeq","55"
"Herefordshire","1314","Declined","0"
"Hertfordshire","1314","NewServ","11795"
"Hertfordshire","1314","NoNew","3350"
"Hertfordshire","1314","Declined","115"
"Hertfordshire","1314","OtherSeq","80"
"Hillingdon","1314","NewServ","1440"
"Hillingdon","1314","OtherSeq","195"
"Hillingdon","1314","NoNew","15"
"Hillingdon","1314","Declined","15"
"Hounslow","1314","NewServ","1115"
"Hounslow","1314","NoNew","305"
"Hounslow","1314","OtherSeq","50"
"Hounslow","1314","Declined","20"
"Isle of Wight","1314","NewServ","1465"
"Isle of Wight","1314","NoNew","405"
"Isle of Wight","1314","OtherSeq","210"
"Isle of Wight","1314","Declined","130"
"Isles of Scilly","1314","NewServ","25"
"Isles of Scilly","1314","OtherSeq","0"
"Isles of Scilly","1314","NoNew","0"
"Isles of Scilly","1314","Declined","0"
"Islington","1314","NewServ","1030"
"Islington","1314","NoNew","835"
"Islington","1314","OtherSeq","455"
"Islington","1314","Declined","120"
"Kensington and Chelsea","1314","OtherSeq","1545"
"Kensington and Chelsea","1314","NewServ","990"
"Kensington and Chelsea","1314","NoNew","390"
"Kensington and Chelsea","1314","Declined","90"
"Kent","1314","NewServ","12245"
"Kent","1314","OtherSeq","10815"
"Kent","1314","NoNew","1410"
"Kent","1314","Declined","350"
"Kingston upon Hull","1314","NewServ","3060"
"Kingston upon Hull","1314","NoNew","445"
"Kingston upon Hull","1314","Declined","160"
"Kingston upon Hull","1314","OtherSeq","75"
"Kingston upon Thames","1314","NewServ","715"
"Kingston upon Thames","1314","NoNew","145"
"Kingston upon Thames","1314","Declined","25"
"Kingston upon Thames","1314","OtherSeq","0"
"Kirklees","1314","NewServ","2520"
"Kirklees","1314","OtherSeq","830"
"Kirklees","1314","NoNew","605"
"Kirklees","1314","Declined","270"
"Knowsley","1314","NewServ","1325"
"Knowsley","1314","NoNew","825"
"Knowsley","1314","Declined","30"
"Knowsley","1314","OtherSeq","0"
"Lambeth","1314","NewServ","1960"
"Lambeth","1314","OtherSeq","490"
"Lambeth","1314","NoNew","275"
"Lambeth","1314","Declined","0"
"Lancashire","1314","NewServ","5030"
"Lancashire","1314","OtherSeq","920"
"Lancashire","1314","NoNew","715"
"Lancashire","1314","Declined","40"
"Leeds","1314","NewServ","5465"
"Leeds","1314","NoNew","2220"
"Leeds","1314","OtherSeq","30"
"Leeds","1314","Declined","20"
"Leicester","1314","NewServ","2945"
"Leicester","1314","NoNew","600"
"Leicester","1314","Declined","145"
"Leicester","1314","OtherSeq","0"
"Leicestershire","1314","NewServ","5395"
"Leicestershire","1314","NoNew","695"
"Leicestershire","1314","Declined","55"
"Leicestershire","1314","OtherSeq","50"
"Lewisham","1314","NewServ","605"
"Lewisham","1314","NoNew","305"
"Lewisham","1314","OtherSeq","35"
"Lewisham","1314","Declined","15"
"Lincolnshire","1314","NewServ","6150"
"Lincolnshire","1314","NoNew","3375"
"Lincolnshire","1314","OtherSeq","1090"
"Lincolnshire","1314","Declined","125"
"Liverpool","1314","NewServ","4135"
"Liverpool","1314","OtherSeq","1435"
"Liverpool","1314","NoNew","1065"
"Liverpool","1314","Declined","270"
"Luton","1314","OtherSeq","1245"
"Luton","1314","NewServ","1210"
"Luton","1314","NoNew","150"
"Luton","1314","Declined","120"
"Manchester","1314","NewServ","6815"
"Manchester","1314","NoNew","1455"
"Manchester","1314","Declined","165"
"Manchester","1314","OtherSeq","140"
"Medway Towns","1314","NewServ","1940"
"Medway Towns","1314","NoNew","1130"
"Medway Towns","1314","Declined","5"
"Medway Towns","1314","OtherSeq","0"
"Merton","1314","NewServ","1395"
"Merton","1314","NoNew","145"
"Merton","1314","OtherSeq","5"
"Merton","1314","Declined","0"
"Middlesbrough","1314","NewServ","1480"
"Middlesbrough","1314","NoNew","775"
"Middlesbrough","1314","Declined","45"
"Middlesbrough","1314","OtherSeq","45"
"Milton Keynes","1314","NewServ","1045"
"Milton Keynes","1314","NoNew","545"
"Milton Keynes","1314","OtherSeq","65"
"Milton Keynes","1314","Declined","15"
"Newcastle upon Tyne","1314","NewServ","1880"
"Newcastle upon Tyne","1314","NoNew","80"
"Newcastle upon Tyne","1314","OtherSeq","45"
"Newcastle upon Tyne","1314","Declined","40"
"Newham","1314","NoNew","2065"
"Newham","1314","NewServ","775"
"Newham","1314","OtherSeq","700"
"Newham","1314","Declined","160"
"Norfolk","1314","NewServ","8520"
"Norfolk","1314","NoNew","1485"
"Norfolk","1314","Declined","135"
"Norfolk","1314","OtherSeq","10"
"North East Lincolnshire","1314","NewServ","110"
"North East Lincolnshire","1314","NoNew","80"
"North East Lincolnshire","1314","OtherSeq","40"
"North East Lincolnshire","1314","Declined","5"
"North Lincolnshire","1314","NewServ","1450"
"North Lincolnshire","1314","NoNew","550"
"North Lincolnshire","1314","OtherSeq","220"
"North Lincolnshire","1314","Declined","35"
"North Somerset","1314","NoNew","1825"
"North Somerset","1314","NewServ","715"
"North Somerset","1314","OtherSeq","345"
"North Somerset","1314","Declined","20"
"North Tyneside","1314","NewServ","1155"
"North Tyneside","1314","NoNew","465"
"North Tyneside","1314","Declined","70"
"North Tyneside","1314","OtherSeq","20"
"North Yorkshire","1314","NewServ","5595"
"North Yorkshire","1314","OtherSeq","590"
"North Yorkshire","1314","NoNew","305"
"North Yorkshire","1314","Declined","60"
"Northamptonshire","1314","NewServ","7560"
"Northamptonshire","1314","NoNew","1210"
"Northamptonshire","1314","OtherSeq","625"
"Northamptonshire","1314","Declined","215"
"Northumberland","1314","NoNew","3215"
"Northumberland","1314","NewServ","1125"
"Northumberland","1314","OtherSeq","95"
"Northumberland","1314","Declined","0"
"Nottingham","1314","NewServ","3835"
"Nottingham","1314","NoNew","375"
"Nottingham","1314","Declined","130"
"Nottingham","1314","OtherSeq","25"
"Nottinghamshire","1314","NewServ","4580"
"Nottinghamshire","1314","NoNew","1460"
"Nottinghamshire","1314","OtherSeq","25"
"Nottinghamshire","1314","Declined","0"
"Oldham","1314","NewServ","655"
"Oldham","1314","NoNew","450"
"Oldham","1314","OtherSeq","410"
"Oldham","1314","Declined","0"
"Oxfordshire","1314","NoNew","2785"
"Oxfordshire","1314","NewServ","2570"
"Oxfordshire","1314","OtherSeq","130"
"Oxfordshire","1314","Declined","10"
"Peterborough","1314","NewServ","1350"
"Peterborough","1314","NoNew","420"
"Peterborough","1314","Declined","40"
"Peterborough","1314","OtherSeq","20"
"Plymouth","1314","NewServ","1275"
"Plymouth","1314","NoNew","1185"
"Plymouth","1314","OtherSeq","95"
"Plymouth","1314","Declined","0"
"Poole","1314","NewServ","1305"
"Poole","1314","NoNew","340"
"Poole","1314","Declined","120"
"Poole","1314","OtherSeq","20"
"Portsmouth","1314","NewServ","2195"
"Portsmouth","1314","NoNew","330"
"Portsmouth","1314","OtherSeq","270"
"Portsmouth","1314","Declined","50"
"Reading","1314","NewServ","1600"
"Reading","1314","NoNew","440"
"Reading","1314","Declined","25"
"Reading","1314","OtherSeq","5"
"Redbridge","1314","NewServ","2115"
"Redbridge","1314","OtherSeq","235"
"Redbridge","1314","NoNew","170"
"Redbridge","1314","Declined","95"
"Redcar and Cleveland","1314","NewServ","1275"
"Redcar and Cleveland","1314","NoNew","210"
"Redcar and Cleveland","1314","Declined","40"
"Redcar and Cleveland","1314","OtherSeq","30"
"Richmond upon Thames","1314","NewServ","515"
"Richmond upon Thames","1314","OtherSeq","105"
"Richmond upon Thames","1314","NoNew","20"
"Richmond upon Thames","1314","Declined","0"
"Rochdale","1314","NewServ","1835"
"Rochdale","1314","NoNew","350"
"Rochdale","1314","OtherSeq","140"
"Rochdale","1314","Declined","10"
"Rotherham","1314","NewServ","2660"
"Rotherham","1314","NoNew","2105"
"Rotherham","1314","OtherSeq","115"
"Rotherham","1314","Declined","50"
"Rutland","1314","NewServ","275"
"Rutland","1314","OtherSeq","115"
"Rutland","1314","NoNew","100"
"Rutland","1314","Declined","5"
"Salford","1314","NewServ","1215"
"Salford","1314","NoNew","700"
"Salford","1314","OtherSeq","170"
"Salford","1314","Declined","65"
"Sandwell","1314","NewServ","1325"
"Sandwell","1314","OtherSeq","190"
"Sandwell","1314","NoNew","75"
"Sandwell","1314","Declined","15"
"Sefton","1314","NewServ","2510"
"Sefton","1314","NoNew","295"
"Sefton","1314","OtherSeq","175"
"Sefton","1314","Declined","85"
"Sheffield","1314","NewServ","3650"
"Sheffield","1314","NoNew","1340"
"Sheffield","1314","OtherSeq","345"
"Sheffield","1314","Declined","295"
"Shropshire","1314","NoNew","1480"
"Shropshire","1314","NewServ","710"
"Shropshire","1314","Declined","55"
"Shropshire","1314","OtherSeq","0"
"Slough","1314","NewServ","1130"
"Slough","1314","NoNew","125"
"Slough","1314","OtherSeq","65"
"Slough","1314","Declined","5"
"Solihull","1314","NewServ","1305"
"Solihull","1314","Declined","160"
"Solihull","1314","NoNew","150"
"Solihull","1314","OtherSeq","130"
"Somerset","1314","NewServ","3265"
"Somerset","1314","NoNew","820"
"Somerset","1314","OtherSeq","105"
"Somerset","1314","Declined","90"
"South Gloucestershire","1314","NewServ","1555"
"South Gloucestershire","1314","NoNew","280"
"South Gloucestershire","1314","OtherSeq","215"
"South Gloucestershire","1314","Declined","40"
"South Tyneside","1314","NewServ","1395"
"South Tyneside","1314","NoNew","605"
"South Tyneside","1314","Declined","20"
"South Tyneside","1314","OtherSeq","0"
"Southampton","1314","NewServ","2810"
"Southampton","1314","NoNew","1850"
"Southampton","1314","OtherSeq","0"
"Southampton","1314","Declined","0"
"Southend-on-Sea","1314","NewServ","1760"
"Southend-on-Sea","1314","OtherSeq","360"
"Southend-on-Sea","1314","NoNew","85"
"Southend-on-Sea","1314","Declined","5"
"Southwark","1314","NewServ","2030"
"Southwark","1314","OtherSeq","1040"
"Southwark","1314","NoNew","850"
"Southwark","1314","Declined","75"
"St. Helens","1314","NewServ","2230"
"St. Helens","1314","OtherSeq","320"
"St. Helens","1314","NoNew","65"
"St. Helens","1314","Declined","45"
"Staffordshire","1314","NewServ","4260"
"Staffordshire","1314","OtherSeq","2955"
"Staffordshire","1314","NoNew","2825"
"Staffordshire","1314","Declined","300"
"Stockport","1314","NewServ","2515"
"Stockport","1314","NoNew","585"
"Stockport","1314","Declined","25"
"Stockport","1314","OtherSeq","0"
"Stockton-on-Tees","1314","NewServ","1965"
"Stockton-on-Tees","1314","NoNew","425"
"Stockton-on-Tees","1314","OtherSeq","235"
"Stockton-on-Tees","1314","Declined","70"
"Stoke-on-Trent","1314","NewServ","3580"
"Stoke-on-Trent","1314","NoNew","305"
"Stoke-on-Trent","1314","OtherSeq","295"
"Stoke-on-Trent","1314","Declined","185"
"Suffolk","1314","NewServ","4540"
"Suffolk","1314","OtherSeq","875"
"Suffolk","1314","NoNew","755"
"Suffolk","1314","Declined","250"
"Sunderland","1314","NewServ","2245"
"Sunderland","1314","NoNew","585"
"Sunderland","1314","OtherSeq","110"
"Sunderland","1314","Declined","95"
"Surrey","1314","NewServ","7810"
"Surrey","1314","NoNew","3205"
"Surrey","1314","OtherSeq","975"
"Surrey","1314","Declined","170"
"Sutton","1314","NewServ","1325"
"Sutton","1314","NoNew","665"
"Sutton","1314","OtherSeq","65"
"Sutton","1314","Declined","0"
"Swindon","1314","NoNew","2400"
"Swindon","1314","NewServ","1925"
"Swindon","1314","OtherSeq","75"
"Swindon","1314","Declined","35"
"Tameside","1314","NewServ","3230"
"Tameside","1314","NoNew","745"
"Tameside","1314","OtherSeq","170"
"Tameside","1314","Declined","135"
"Telford and the Wrekin","1314","NewServ","1185"
"Telford and the Wrekin","1314","OtherSeq","710"
"Telford and the Wrekin","1314","NoNew","380"
"Telford and the Wrekin","1314","Declined","75"
"Thurrock","1314","NewServ","650"
"Thurrock","1314","OtherSeq","275"
"Thurrock","1314","NoNew","0"
"Thurrock","1314","Declined","0"
"Torbay","1314","NewServ","1320"
"Torbay","1314","OtherSeq","365"
"Torbay","1314","NoNew","220"
"Torbay","1314","Declined","40"
"Tower Hamlets","1314","NewServ","2595"
"Tower Hamlets","1314","NoNew","80"
"Tower Hamlets","1314","OtherSeq","40"
"Tower Hamlets","1314","Declined","15"
"Trafford","1314","NewServ","1570"
"Trafford","1314","NoNew","535"
"Trafford","1314","OtherSeq","170"
"Trafford","1314","Declined","110"
"Wakefield","1314","NewServ","1030"
"Wakefield","1314","OtherSeq","710"
"Wakefield","1314","NoNew","625"
"Wakefield","1314","Declined","55"
"Walsall","1314","NewServ","2395"
"Walsall","1314","NoNew","245"
"Walsall","1314","Declined","20"
"Walsall","1314","OtherSeq","20"
"Waltham Forest","1314","NewServ","1395"
"Waltham Forest","1314","NoNew","15"
"Waltham Forest","1314","Declined","5"
"Waltham Forest","1314","OtherSeq","0"
"Wandsworth","1314","NewServ","1455"
"Wandsworth","1314","NoNew","155"
"Wandsworth","1314","OtherSeq","5"
"Wandsworth","1314","Declined","0"
"Warrington","1314","NewServ","1125"
"Warrington","1314","NoNew","700"
"Warrington","1314","OtherSeq","165"
"Warrington","1314","Declined","90"
"Warwickshire","1314","NoNew","3315"
"Warwickshire","1314","NewServ","2705"
"Warwickshire","1314","Declined","85"
"Warwickshire","1314","OtherSeq","0"
"West Berkshire","1314","NewServ","1140"
"West Berkshire","1314","NoNew","110"
"West Berkshire","1314","Declined","25"
"West Berkshire","1314","OtherSeq","20"
"West Sussex","1314","NewServ","2200"
"West Sussex","1314","OtherSeq","360"
"West Sussex","1314","NoNew","110"
"West Sussex","1314","Declined","5"
"Westminster","1314","NewServ","1425"
"Westminster","1314","NoNew","600"
"Westminster","1314","OtherSeq","480"
"Westminster","1314","Declined","95"
"Wigan","1314","NewServ","1855"
"Wigan","1314","NoNew","1455"
"Wigan","1314","OtherSeq","370"
"Wigan","1314","Declined","35"
"Wiltshire","1314","NewServ","5665"
"Wiltshire","1314","NoNew","3845"
"Wiltshire","1314","OtherSeq","155"
"Wiltshire","1314","Declined","0"
"Windsor and Maidenhead","1314","NewServ","455"
"Windsor and Maidenhead","1314","Declined","125"
"Windsor and Maidenhead","1314","NoNew","60"
"Windsor and Maidenhead","1314","OtherSeq","25"
"Wirral","1314","NewServ","2100"
"Wirral","1314","NoNew","580"
"Wirral","1314","OtherSeq","50"
"Wirral","1314","Declined","45"
"Wokingham","1314","NewServ","920"
"Wokingham","1314","NoNew","85"
"Wokingham","1314","Declined","5"
"Wokingham","1314","OtherSeq","0"
"Wolverhampton","1314","NoNew","1515"
"Wolverhampton","1314","NewServ","890"
"Wolverhampton","1314","Declined","0"
"Wolverhampton","1314","OtherSeq","0"
"Worcestershire","1314","NewServ","3430"
"Worcestershire","1314","NoNew","1540"
"Worcestershire","1314","OtherSeq","855"
"Worcestershire","1314","Declined","0"
"York","1314","NewServ","1340"
"York","1314","NoNew","170"
"York","1314","Declined","15"
"York","1314","OtherSeq","5"
